,MSPQR_s_key,MSPQR_s_num,MSPQR_ncc,MSPQR_gtc,MSPQR_poll_count,MSPQR_lon,MSPQR_lat,MSPQR_detected_polls
0,t1-2,5,0.8227272727272728,0.2974457192395253,33,27.548111,41.261917,"1,2,3-Benzotriazole, 2-(2-Naphthalenyl)benzothiophene, 3-Chloroaniline, 4-tert-Octylphenol diethoxylate, 5-Methyl-1H-benzotriazole (5-Tolytriazole), 5,6-Dimethyl-1H-benzotriazole, 7H-Benzo(de)anthracen-7-one (Benzanthrone), Acetamiprid, Aclonifen, AHDI (Phantolide), Atrazine-desethyl, Azithromycin, Benzo[a]pyrene, Benzo[k]fluoranthene, Benzyldimethyldodecylammonium, Benzyldimethyltetradecylammonium, Ciprofloxacin, Clarithromycin, Diuron, g-Methylionone, Hexa(methoxymethyl)melamine, Mepiquat chloride, Methyl paraben, Methylsalicylate, N,N-Diethyl-m-toluamide, Nonylphenol diethoxylate, Norfloxacin, Ofloxacin, Pendimethalin, Piperonylbutoxide, Polychlorinated biphenyls, Pyriproxyfen, Tris(2-butoxyethyl) phosphate"
1,t8-1,43,0.5,1.0,38,27.338778,41.060139,"1,2,3-Benzotriazole, 2-Mercapto-benzothiazole, 4-Methyl-1H-benzotriazole, 4-tert-Octylphenol diethoxylate, 5-Methyl-1H-benzotriazole (5-Tolytriazole), 5,6-Dimethyl-1H-benzotriazole, 7H-Benzo(de)anthracen-7-one (Benzanthrone), Acetaminophen (Paracetamol), Benzo[a]pyrene, Benzo[k]fluoranthene, Benzyldimethyldodecylammonium, Benzyldimethyltetradecylammonium, Benzyltrimethylammonium, Boisvelone / Iso-Esuper, Carbendazim, Ciprofloxacin, Di(2- ethylhexyl)phthalate (DEHP), Dicyclohexylamine, Diuron, Ethylhexylmethoxycinnamate, g-Methylionone, Hexa(methoxymethyl)melamine, Homosalate, Methyldihydrojasmonate, N-Benzyldimethylamine, N-Benzylmethylamine, N,N-Diethyl-m-toluamide, Nonylphenol diethoxylate, Norfloxacin, Ofloxacin, Oxybenzone, Piperonylbutoxide, Polychlorinated biphenyls, Prochloraz, Terbutryn, Tonalide, Trifluralin, Tris(2-butoxyethyl) phosphate"
2,t3-1,7,0.4931506849315068,0.030028547990200584,55,27.456889,41.342806,"1-Hydroxyibuprofen, 1,2,3-Benzotriazole, 4-Aminomethyl-benzenesulfonamide, 4-Methyl-1H-benzotriazole, 5-Methyl-1H-benzotriazole (5-Tolytriazole), 5,6-Dimethyl-1H-benzotriazole, 7H-Benzo(de)anthracen-7-one (Benzanthrone), Acetaminophen (Paracetamol), Acetamiprid, AHDI (Phantolide), Anthracene, Atrazine-desethyl, Azithromycin, Benzo[a]pyrene, Benzyldimethyldodecylammonium, Benzyldimethyltetradecylammonium, Benzyltrimethylammonium, Bisphenol-A, Carbendazim, Chlorfenvinphos, Ciprofloxacin, Clarithromycin, Di(2- ethylhexyl)phthalate (DEHP), Dicyclohexylamine, Diuron, Drometrizole, Erythromycin, Fluoranthene, Hexa(methoxymethyl)melamine, Imazalil, Lenacil, Mepiquat chloride, Metalaxyl, Methyl paraben, Metolachlor, N-Benzyldimethylamine, N-Ethyl-2-tolysulfonamide, N,N-Diethyl-m-toluamide, Nonylphenol diethoxylate, Norfloxacin, Ofloxacin, Omethoate, Oxybenzone, Pendimethalin, Piperonylbutoxide, Pirimicarb, Polychlorinated biphenyls, Prochloraz, Propetamphos, Pyridaben, Quinalphos, Sulfamethoxazole, Terbutryn, Tetracycline, Tris(2-butoxyethyl) phosphate"
3,cc2,50,0.7446808510638298,0.07619491999544407,33,27.944222,41.293417,"1,2,3-Benzotriazole, 2-Mercapto-benzothiazole, 4-Methyl-1H-benzotriazole, 5-Methyl-1H-benzotriazole (5-Tolytriazole), 5,6-Dimethyl-1H-benzotriazole, Acetaminophen (Paracetamol), Aclonifen, Azithromycin, Benzenesulfonamide, Benzo[a]anthracene, Benzo[a]pyrene, Benzo[k]fluoranthene, Benzothiazole, Benzyldimethyldodecylammonium, Benzyldimethyltetradecylammonium, Bisphenol-A, Carbendazim, Clarithromycin, Dicyclohexylamine, Ethoprophos, g-Methylionone, Hexa(methoxymethyl)melamine, N-Ethyl-2-tolysulfonamide, N,N-Diethyl-m-toluamide, Nonylphenol diethoxylate, Ofloxacin, Omethoate, Oxybenzone, Piperonylbutoxide, Polychlorinated biphenyls, Pyridaben, Sulfamethoxazole, Tris(2-butoxyethyl) phosphate"
4,cc8,47,0.7370820668693009,0.29366458633896514,52,27.794889,41.171389,"1,2,3-Benzotriazole, 2,4-Dihydroxybenzophenone, 3-Chloroaniline, 4-Chloroaniline, 4-Methyl-1H-benzotriazole, 4-tert-Octylphenol diethoxylate, 4,4'-Dichlorobenzophenone, 5-Methyl-1H-benzotriazole (5-Tolytriazole), 5,6-Dimethyl-1H-benzotriazole, Acetaminophen (Paracetamol), Acetamiprid, ADBI (Celestolide), AHDI (Phantolide), Atrazine-desethyl, Azithromycin, Benzo[k]fluoranthene, Benzylamine, Benzyldimethyldodecylammonium, Benzyldimethyltetradecylammonium, Boisvelone / Iso-Esuper, Carbendazim, Chlorpyrifos, Ciprofloxacin, Clarithromycin, Dicyclohexylamine, Diuron, Drometrizole, g-Methylionone, Hexa(methoxymethyl)melamine, Imazalil, Mepiquat chloride, Methyl paraben, Methyldihydrojasmonate, Methylsalicylate, Microcystin-LR, N-Benzyldimethylamine, N-Benzylmethylamine, N-Ethyl-2-tolysulfonamide, N,N-Diethyl-m-toluamide, Nonylphenol diethoxylate, Norfloxacin, Ofloxacin, Oxybenzone, Piperonylbutoxide, Polychlorinated biphenyls, Prochloraz, Pyriproxyfen, Quinalphos, Terbutryn, Triazophos, Tris(2-butoxyethyl) phosphate, Vancomycin"
5,t3-2,65,0.49390243902439024,0.04893317996346643,34,27.474111,41.335722,"1,2,3-Benzotriazole, 3-Chloroaniline, 4-Aminomethyl-benzenesulfonamide, 4-Chloroaniline, 4-Methyl-1H-benzotriazole, 4-tert-Octylphenol diethoxylate, 5-Methyl-1H-benzotriazole (5-Tolytriazole), 5,6-Dimethyl-1H-benzotriazole, Anthracene, Azithromycin, Benzo[a]pyrene, Benzo[k]fluoranthene, Benzyldimethyldodecylammonium, Benzyldimethyltetradecylammonium, Carbendazim, Ciprofloxacin, Di(2- ethylhexyl)phthalate (DEHP), Dicyclohexylamine, Diuron, Ethylhexylmethoxycinnamate, g-Methylionone, Hexa(methoxymethyl)melamine, Mepiquat chloride, Methyldihydrojasmonate, Microcystin-RR, N,N-Diethyl-m-toluamide, Nonylphenol diethoxylate, Norfloxacin, Ofloxacin, Oxadiazon, Piperonylbutoxide, Pirimicarb, Polychlorinated biphenyls, Tris(2-butoxyethyl) phosphate"
6,ec6,54,0.5,0.6398316070902095,33,27.639056,41.264194,"1,2,3-Benzotriazole, 1,8-Dinitropyrene, 3-Chloroaniline, 4-Chloroaniline, 4-Methyl-1H-benzotriazole, 4-tert-Octylphenol diethoxylate, 4,4'-Dichlorobenzophenone, 5-Methyl-1H-benzotriazole (5-Tolytriazole), 5,6-Dimethyl-1H-benzotriazole, 7H-Benzo(de)anthracen-7-one (Benzanthrone), Acetaminophen (Paracetamol), AHDI (Phantolide), Azithromycin, Benzo[b]fluoranthene, Benzo[k]fluoranthene, Benzyldimethyldodecylammonium, Benzyldimethyltetradecylammonium, Carbazole, Ciprofloxacin, Damascone, Diuron, Fluoranthene, Hexa(methoxymethyl)melamine, Mepiquat chloride, Microcystin-RR, N,N-Diethyl-m-toluamide, Nonylphenol diethoxylate, Norfloxacin, Ofloxacin, Pirimicarb, Polychlorinated biphenyls, Terbutryn, Tris(2-butoxyethyl) phosphate"
7,t4,8,0.7092846270928462,0.0436741530140245,58,27.387417,41.357528,"1,2,3-Benzotriazole, 2,3,3',4,4',5,5',6-Octabromodiphenyl ether, 4-Aminomethyl-benzenesulfonamide, 4-Chloroaniline, 4-Methyl-1H-benzotriazole, 4-Methylbenzylidenecamphor, 5-Methyl-1H-benzotriazole (5-Tolytriazole), 5,6-Dimethyl-1H-benzotriazole, 7H-Benzo(de)anthracen-7-one (Benzanthrone), Acetaminophen (Paracetamol), Acetamiprid, Anthracene, Atrazine-desethyl, Azithromycin, Benzo[ghi]perylene, Benzyldimethyldodecylammonium, Benzyldimethyltetradecylammonium, Bisphenol-A, Boisvelone / Iso-Esuper, Cadusafos, Carbofuran, Chloramphenicol, Ciprofloxacin, Clarithromycin, Di(2- ethylhexyl)phthalate (DEHP), Dicyclohexylamine, Epoxiconazole, Fluoranthene, Hexa(methoxymethyl)melamine, Imazalil, Indeno[1,2,3-cd]pyrene, Lenacil, Mepiquat chloride, Metalaxyl, Methyl paraben, Metolachlor, N-Ethyl-2-tolysulfonamide, N,N-Diethyl-m-toluamide, Nonylphenol diethoxylate, Norfloxacin, Ofloxacin, Omethoate, Penconazole, Pendimethalin, Pentachlorobenzene, Piperonylbutoxide, Pirimicarb, Polychlorinated biphenyls, Prochloraz, Propetamphos, Propyl paraben, Pyridaben, Quinalphos, Spiroxamine, Terbuthylazine, Terbutryn, Tetracycline, Tris(2-butoxyethyl) phosphate"
8,t7-1,67,0.4079147640791476,0.1666552070800567,25,27.219556,41.418222,"4-Methyl-1H-benzotriazole, 5-Methyl-1H-benzotriazole (5-Tolytriazole), 5,6-Dimethyl-1H-benzotriazole, 7H-Benzo(de)anthracen-7-one (Benzanthrone), Acetaminophen (Paracetamol), ADBI (Celestolide), AHDI (Phantolide), Anthracene, Atrazine-desethyl, Benzo[ghi]perylene, Benzyldimethyldodecylammonium, Benzyldimethyltetradecylammonium, Cadusafos, Ciprofloxacin, Doxycycline, Drometrizole, g-Methylionone, N-Ethyl-2-tolysulfonamide, N,N-Diethyl-m-toluamide, Norfloxacin, Ofloxacin, Piperonylbutoxide, Pirimicarb, Polychlorinated biphenyls, Pyridaben"
9,m9,32,0.6621212121212121,0.20810958097468524,50,27.287861,41.347917,"1-Hydroxyibuprofen, 1,2,3-Benzotriazole, 2-Mercapto-benzothiazole, 2,4-Dihydroxybenzophenone, 3-Chloroaniline, 4-Aminomethyl-benzenesulfonamide, 4-Chloroaniline, 4-Methyl-1H-benzotriazole, 4-Methylbenzylidenecamphor, 4-tert-Octylphenol diethoxylate, 5-Methyl-1H-benzotriazole (5-Tolytriazole), 5,6-Dimethyl-1H-benzotriazole, 7H-Benzo(de)anthracen-7-one (Benzanthrone), Acetaminophen (Paracetamol), Acetamiprid, ADBI (Celestolide), AHDI (Phantolide), Atrazine, Atrazine-desethyl, Azithromycin, Benzyldimethyldodecylammonium, Benzyldimethyltetradecylammonium, Benzyltrimethylammonium, Boisvelone / Iso-Esuper, Carbendazim, Ciprofloxacin, Clarithromycin, Dicyclohexylamine, Diuron, Drometrizole, g-Methylionone, Hexa(methoxymethyl)melamine, Homosalate, Mepiquat chloride, Microcystin-RR, Monocrotophos, N-Benzylmethylamine, N-Ethyl-2-tolysulfonamide, N,N-Diethyl-m-toluamide, Nonylphenol diethoxylate, Norfloxacin, Ofloxacin, Oxybenzone, Piperonylbutoxide, Polychlorinated biphenyls, Prochloraz, Quinalphos, Sulfamethoxazole, Terbutryn, Tris(2-butoxyethyl) phosphate"
10,ec4,62,0.5,0.44062646357503776,43,27.684361,41.242194,"1,2,3-Benzotriazole, 2,3,3',4,4',5,5',6-Octabromodiphenyl ether, 2,4-Dihydroxybenzophenone, 3-Chloroaniline, 4-Chloroaniline, 4-Methyl-1H-benzotriazole, 4-tert-Octylphenol diethoxylate, 4,4'-Dichlorobenzophenone, 5-Methyl-1H-benzotriazole (5-Tolytriazole), 5,6-Dimethyl-1H-benzotriazole, Acetaminophen (Paracetamol), Acetamiprid, Azithromycin, Benzo[ghi]perylene, Benzo[k]fluoranthene, Benzyldimethyldodecylammonium, Benzyldimethyltetradecylammonium, Carbendazim, Chlorpyrifos, Clarithromycin, Dicyclohexylamine, Diuron, Drometrizole, Epoxiconazole, Ethylhexylmethoxycinnamate, g-Methylionone, Hexa(methoxymethyl)melamine, Mepiquat chloride, Metolachlor, Microcystin-RR, N,N-Diethyl-m-toluamide, Nonylphenol diethoxylate, Norfloxacin, Ofloxacin, Oxybenzone, Piperonylbutoxide, Polychlorinated biphenyls, Prochloraz, Propiconazole, Quinalphos, Sulfamethoxazole, Terbutryn, Tris(2-butoxyethyl) phosphate"
11,cc1,63,0.5899390243902439,0.05779234036109556,43,27.964639,41.273167,"1,2,3-Benzotriazole, 2-Mercapto-benzothiazole, 2,4-Dihydroxybenzophenone, 4-Methyl-1H-benzotriazole, 5-Methyl-1H-benzotriazole (5-Tolytriazole), 5,6-Dimethyl-1H-benzotriazole, Acetaminophen (Paracetamol), AHDI (Phantolide), alpha-Terpineol, Atrazine-desethyl, Azithromycin, Azoxystrobin, Benzo[a]pyrene, Benzo[k]fluoranthene, Benzyldimethyldodecylammonium, Benzyldimethyltetradecylammonium, Boisvelone / Iso-Esuper, Carbendazim, Ciprofloxacin, Clarithromycin, Di(2- ethylhexyl)phthalate (DEHP), Dicyclohexylamine, Diuron, Erythromycin, Fluoranthene, g-Methylionone, Hexa(methoxymethyl)melamine, Methyldihydrojasmonate, N,N-Diethyl-m-toluamide, Nonylphenol diethoxylate, Norfloxacin, Ofloxacin, Omethoate, Oxybenzone, Piperonylbutoxide, Pirimicarb, Polychlorinated biphenyls, Propiconazole, Sulfamethoxazole, Terbutryn, Tonalide, Trimethoprim, Tris(2-butoxyethyl) phosphate"
12,cc3,51,0.6697247706422018,0.29576254123586365,52,27.869722,41.238583,"1,2,3-Benzotriazole, 2-(2-Naphthalenyl)benzothiophene, 2-Mercapto-benzothiazole, 2,4-Dihydroxybenzophenone, 3-Chloroaniline, 4-Chloroaniline, 4-Methyl-1H-benzotriazole, 4-tert-Octylphenol diethoxylate, 5-Methyl-1H-benzotriazole (5-Tolytriazole), 5,6-Dimethyl-1H-benzotriazole, Acetaminophen (Paracetamol), Acetamiprid, Aclonifen, AHDI (Phantolide), alpha-Terpineol, Atrazine-desethyl, Azithromycin, Benzyldimethyldodecylammonium, Benzyldimethyltetradecylammonium, Benzyltrimethylammonium, Boisvelone / Iso-Esuper, Carbendazim, Chlorpyrifos, Ciprofloxacin, Clarithromycin, Dicyclohexylamine, Diuron, Erythromycin, Ethylhexylmethoxycinnamate, g-Methylionone, Hexa(methoxymethyl)melamine, Homosalate, Indeno[1,2,3-cd]pyrene, Mepiquat chloride, Methyl paraben, Methyldihydrojasmonate, Methylsalicylate, Monocrotophos, N-Benzylmethylamine, N-Ethyl-2-tolysulfonamide, N,N-Diethyl-m-toluamide, Nonylphenol diethoxylate, Norfloxacin, Ofloxacin, Oxybenzone, Piperonylbutoxide, Polychlorinated biphenyls, Quinalphos, Sulfamethoxazole, Terbutryn, Tonalide, Tris(2-butoxyethyl) phosphate"
13,cc7,48,0.6246200607902735,0.25115874437056857,45,27.813306,41.181472,"1,2,3-Benzotriazole, 3-Chloroaniline, 4-Chloroaniline, 4-Methyl-1H-benzotriazole, 4,4'-Dichlorobenzophenone, 5-Methyl-1H-benzotriazole (5-Tolytriazole), 5,6-Dimethyl-1H-benzotriazole, 7H-Benzo(de)anthracen-7-one (Benzanthrone), Acetaminophen (Paracetamol), Acetamiprid, ADBI (Celestolide), AHDI (Phantolide), Azithromycin, Benzo[a]pyrene, Benzo[k]fluoranthene, Benzylamine, Benzyldimethyldodecylammonium, Benzyldimethyltetradecylammonium, Carbendazim, Chloramphenicol, Ciprofloxacin, Dicyclohexylamine, Diuron, Doxycycline, g-Methylionone, Hexa(methoxymethyl)melamine, Indeno[1,2,3-cd]pyrene, Mepiquat chloride, Methyl paraben, Methyldihydrojasmonate, Methylsalicylate, N-Benzylmethylamine, N,N-Diethyl-m-toluamide, Nonylphenol diethoxylate, Norfloxacin, Ofloxacin, Oxybenzone, Piperonylbutoxide, Polychlorinated biphenyls, Prochloraz, Propiconazole, Pyriproxyfen, Quinalphos, Triazophos, Tris(2-butoxyethyl) phosphate"
14,ec2,74,1.0,0.5162427625316456,27,27.772972,41.130028,"4-Chloroaniline, 4-Methyl-1H-benzotriazole, 4-tert-Octylphenol diethoxylate, 4,4'-Dichlorobenzophenone, 5-Methyl-1H-benzotriazole (5-Tolytriazole), Acetamiprid, Aclonifen, Benzo[k]fluoranthene, Benzyldimethyldodecylammonium, Benzyldimethyltetradecylammonium, Benzyltrimethylammonium, Boisvelone / Iso-Esuper, Carbendazim, Ciprofloxacin, Di(2- ethylhexyl)phthalate (DEHP), Dicyclohexylamine, Epoxiconazole, Ethylhexylmethoxycinnamate, g-Methylionone, Hexa(methoxymethyl)melamine, N-Benzyldimethylamine, N,N-Diethyl-m-toluamide, Norfloxacin, Ofloxacin, Piperonylbutoxide, Polychlorinated biphenyls, Sulfamethoxazole"
15,t7-2,11,0.8057663125948407,0.25003244134768127,29,27.176,41.369889,"1,2,3-Benzotriazole, 4-Aminomethyl-benzenesulfonamide, 4-Methyl-1H-benzotriazole, 5-Methyl-1H-benzotriazole (5-Tolytriazole), 5,6-Dimethyl-1H-benzotriazole, Acetamiprid, Aclonifen, Atrazine-desethyl, Azithromycin, Benzylamine, Benzyldimethyldodecylammonium, Benzyldimethyltetradecylammonium, Ciprofloxacin, Clarithromycin, Dicyclohexylamine, Diuron, Drometrizole, Hexa(methoxymethyl)melamine, N-Benzyldimethylamine, N,N-Diethyl-m-toluamide, Norfloxacin, Ofloxacin, Omethoate, Piperonylbutoxide, Pirimicarb, Polychlorinated biphenyls, Prochloraz, Tetracycline, Tris(2-butoxyethyl) phosphate"
16,m16,39,0.31546707503828486,0.09639838495036494,37,26.6185,41.246833,"1,2,3-Benzotriazole, 4-Methyl-1H-benzotriazole, 4-tert-Octylphenol diethoxylate, 5-Methyl-1H-benzotriazole (5-Tolytriazole), 7H-Benzo(de)anthracen-7-one (Benzanthrone), Acetamiprid, Azithromycin, Benzyldimethyldodecylammonium, Benzyldimethyltetradecylammonium, Benzyltrimethylammonium, Boisvelone / Iso-Esuper, Carbendazim, Ciprofloxacin, Clarithromycin, Dicyclohexylamine, Diuron, Epoxiconazole, Hexa(methoxymethyl)melamine, Imazamox, Mepiquat chloride, Metolachlor, Molinate, Monocrotophos, N-Benzyldimethylamine, N-Benzylmethylamine, N-Ethyl-2-tolysulfonamide, N,N-Diethyl-m-toluamide, Nonylphenol diethoxylate, Norfloxacin, Ofloxacin, Oxybenzone, Piperonylbutoxide, Polychlorinated biphenyls, Prochloraz, Sulfamethoxazole, Terbutryn, Tris(2-butoxyethyl) phosphate"
17,t13-1,40,0.4817629179331307,0.2902371695308019,19,27.129278,41.785917,"1,2,3-Benzotriazole, 4-tert-Octylphenol diethoxylate, Aclonifen, Azithromycin, Benzylamine, Benzyldimethyldodecylammonium, Benzyldimethyltetradecylammonium, Boisvelone / Iso-Esuper, Clarithromycin, Di(2- ethylhexyl)phthalate (DEHP), Dicyclohexylamine, Metolachlor, Microcystin-RR, N-Benzyldimethylamine, N,N-Diethyl-m-toluamide, Norfloxacin, Ofloxacin, Piperonylbutoxide, Polychlorinated biphenyls"
18,t12-5,17,0.634703196347032,0.1964050075227569,19,27.061806,41.364694,"1,2,3-Benzotriazole, 5-Methyl-1H-benzotriazole (5-Tolytriazole), Aclonifen, Azithromycin, Benzyldimethyldodecylammonium, Benzyldimethyltetradecylammonium, Clarithromycin, Drometrizole, Ethylhexylmethoxycinnamate, Hexa(methoxymethyl)melamine, Metolachlor, Microcystin-RR, Myclobutanil, N,N-Diethyl-m-toluamide, Norfloxacin, Ofloxacin, Piperonylbutoxide, Polychlorinated biphenyls, Tris(2-butoxyethyl) phosphate"
19,t1-1,56,1.0,0.44652953946683765,40,27.582556,41.277111,"1,2,3-Benzotriazole, 1,6-Dinitropyrene, 1,8-Dinitropyrene, 2,3,3',4,4',5,5',6-Octabromodiphenyl ether, 3-Chloroaniline, 4-Chloroaniline, 4-Methyl-1H-benzotriazole, 4,4'-Dichlorobenzophenone, 5-Methyl-1H-benzotriazole (5-Tolytriazole), 5,6-Dimethyl-1H-benzotriazole, 7H-Benzo(de)anthracen-7-one (Benzanthrone), Acetaminophen (Paracetamol), Aclonifen, ADBI (Celestolide), AHDI (Phantolide), Atrazine, Atrazine-desethyl, Azithromycin, Benzo[a]anthracene, Benzo[a]pyrene, Benzo[b]fluoranthene, Benzo[k]fluoranthene, Benzyldimethyldodecylammonium, Benzyldimethyltetradecylammonium, Ciprofloxacin, Dicyclohexylamine, Diuron, g-Methylionone, Hexa(methoxymethyl)melamine, Mepiquat chloride, Methyl paraben, Methylsalicylate, N,N-Diethyl-m-toluamide, Nonylphenol diethoxylate, Norfloxacin, Ofloxacin, Piperonylbutoxide, Polychlorinated biphenyls, Terbutryn, Tris(2-butoxyethyl) phosphate"
20,m2,26,0.6145675265553869,0.300549725447061,61,27.46575,41.195194,"1,2,3-Benzotriazole, 2-Mercapto-benzothiazole, 2,4-Dihydroxybenzophenone, 3-Chloroaniline, 4-Chloroaniline, 4-Methyl-1H-benzotriazole, 4-Methylbenzylidenecamphor, 4-tert-Octylphenol diethoxylate, 5-Methyl-1H-benzotriazole (5-Tolytriazole), 5,6-Dimethyl-1H-benzotriazole, 7H-Benzo(de)anthracen-7-one (Benzanthrone), Acetaminophen (Paracetamol), Acetamiprid, ADBI (Celestolide), AHDI (Phantolide), alpha-Terpineol, Atrazine, Atrazine-desethyl, Azithromycin, Benzylamine, Benzyldimethyldodecylammonium, Benzyldimethyltetradecylammonium, Benzyltrimethylammonium, Boisvelone / Iso-Esuper, Carbendazim, Chlorpyrifos, Ciprofloxacin, Clarithromycin, Di(2- ethylhexyl)phthalate (DEHP), Dicyclohexylamine, Diuron, Drometrizole, Epoxiconazole, Erythromycin, Ethylhexylmethoxycinnamate, Fluoranthene, Hexa(methoxymethyl)melamine, Homosalate, Imazalil, Indeno[1,2,3-cd]pyrene, Mepiquat chloride, Methyl -iso-propylcyclohexenone, Monocrotophos, Myclobutanil, N-Benzylmethylamine, N-Ethyl-2-tolysulfonamide, N,N-Diethyl-m-toluamide, Nonylphenol diethoxylate, Norfloxacin, Ofloxacin, Omethoate, Oxybenzone, Pendimethalin, Piperonylbutoxide, Pirimicarb, Polychlorinated biphenyls, Prochloraz, Quinalphos, Sulfamethoxazole, Terbutryn, Tris(2-butoxyethyl) phosphate"
21,m12,35,0.4785276073619632,0.2876296247138381,49,27.038889,41.342361,"1-Hydroxyibuprofen, 1,2,3-Benzotriazole, 2,4-Dihydroxybenzophenone, 3-Chloroaniline, 4-Chloroaniline, 4-Methyl-1H-benzotriazole, 4-Methylbenzylidenecamphor, 4-tert-Octylphenol diethoxylate, 5-Methyl-1H-benzotriazole (5-Tolytriazole), 5,6-Dimethyl-1H-benzotriazole, Acetaminophen (Paracetamol), Acetamiprid, ADBI (Celestolide), AHDI (Phantolide), Atrazine, Atrazine-desethyl, Azithromycin, Benzo[a]pyrene, Benzyldimethyldodecylammonium, Benzyldimethyltetradecylammonium, Benzyltrimethylammonium, Boisvelone / Iso-Esuper, Carbendazim, Ciprofloxacin, Clarithromycin, Di(2- ethylhexyl)phthalate (DEHP), Dicyclohexylamine, Diuron, Hexa(methoxymethyl)melamine, Mepiquat chloride, Monocrotophos, N-Benzyldimethylamine, N-Benzylmethylamine, N-Ethyl-2-tolysulfonamide, N,N-Diethyl-m-toluamide, Nonylphenol diethoxylate, Norfloxacin, Ofloxacin, Omethoate, Oxybenzone, Piperonylbutoxide, Pirimicarb, Polychlorinated biphenyls, Prochloraz, Pyriproxyfen, Quinalphos, Sulfamethoxazole, Terbutryn, Tris(2-butoxyethyl) phosphate"
22,t6,10,0.6403641881638846,0.28025414667053467,44,27.267639,41.340306,"1-Hydroxyibuprofen, 1,2,3-Benzotriazole, 2,4-Dihydroxybenzophenone, 4-Aminomethyl-benzenesulfonamide, 4-Methyl-1H-benzotriazole, 5-Methyl-1H-benzotriazole (5-Tolytriazole), Acetaminophen (Paracetamol), Acetamiprid, Aclonifen, Anthracene, Atrazine-desethyl, Azithromycin, Benzo[a]anthracene, Benzo[k]fluoranthene, Benzyldimethyldodecylammonium, Benzyldimethyltetradecylammonium, Benzyltrimethylammonium, Carbendazim, Chlorpyrifos, Ciprofloxacin, Clarithromycin, Di(2- ethylhexyl)phthalate (DEHP), Dicyclohexylamine, Diuron, Epoxiconazole, Flutolanil, g-Methylionone, Hexa(methoxymethyl)melamine, Homosalate, N-Benzyldimethylamine, N,N-Diethyl-m-toluamide, Nonylphenol diethoxylate, Norfloxacin, Ofloxacin, Omethoate, Oxybenzone, Piperonylbutoxide, Polychlorinated biphenyls, Prochloraz, Propetamphos, Pyridaben, Sulfamethoxazole, Thiacloprid, Tris(2-butoxyethyl) phosphate"
23,t15,22,0.7268588770864947,0.20119114927925213,33,26.681833,41.275194,"1,2,3-Benzotriazole, 2,4-Dihydroxybenzophenone, 4-Methyl-1H-benzotriazole, 4-tert-Octylphenol diethoxylate, 5-Methyl-1H-benzotriazole (5-Tolytriazole), Acetamiprid, Anthracene, Azithromycin, Benzyldimethyldodecylammonium, Benzyldimethyltetradecylammonium, Benzyltrimethylammonium, Carbendazim, Ciprofloxacin, Clarithromycin, Dicyclohexylamine, Diuron, Hexa(methoxymethyl)melamine, Homosalate, Imazamox, Methyl -iso-propylcyclohexenone, Molinate, N,N-Diethyl-m-toluamide, Nonylphenol diethoxylate, Norfloxacin, Ofloxacin, Oxadiazon, Oxadixyl, Oxybenzone, Piperonylbutoxide, Pirimicarb, Polychlorinated biphenyls, Sulfamethoxazole, Tris(2-butoxyethyl) phosphate"
24,cc6,49,0.5990853658536586,0.28882622128282603,43,27.864111,41.207444,"1,2,3-Benzotriazole, 1,3-Dinitropyrene, 1,6-Dinitropyrene, 1,8-Dinitropyrene, 2,3,3',4,4',5,5',6-Octabromodiphenyl ether, 3-Chloroaniline, 4-Chloroaniline, 4-Methyl-1H-benzotriazole, 4,4'-Dichlorobenzophenone, 5-Methyl-1H-benzotriazole (5-Tolytriazole), 5,6-Dimethyl-1H-benzotriazole, 7H-Benzo(de)anthracen-7-one (Benzanthrone), Acetaminophen (Paracetamol), ADBI (Celestolide), AHDI (Phantolide), Atrazine-desethyl, Azithromycin, Benzo[a]pyrene, Benzo[k]fluoranthene, Benzylamine, Benzyldimethyldodecylammonium, Benzyldimethyltetradecylammonium, Boisvelone / Iso-Esuper, Cadusafos, Carbendazim, Ciprofloxacin, Dicyclohexylamine, Diuron, Doxycycline, Fluoranthene, Hexa(methoxymethyl)melamine, Mepiquat chloride, Methyl paraben, Methyldihydrojasmonate, Methylsalicylate, N-Benzylmethylamine, N,N-Diethyl-m-toluamide, Nonylphenol diethoxylate, Ofloxacin, Pirimicarb, Polychlorinated biphenyls, Sulfamethoxazole, Tris(2-butoxyethyl) phosphate"
25,ec3,70,0.5984732824427481,0.27759044188082793,24,27.735667,41.256694,"1,2,3-Benzotriazole, 4-Methyl-1H-benzotriazole, 4-tert-Octylphenol diethoxylate, 5-Methyl-1H-benzotriazole (5-Tolytriazole), Azithromycin, Benzo[a]pyrene, Benzo[k]fluoranthene, Benzyldimethyldodecylammonium, Benzyldimethyltetradecylammonium, Carbendazim, Ciprofloxacin, Drometrizole, Epoxiconazole, g-Methylionone, Hexa(methoxymethyl)melamine, Microcystin-RR, N-Ethyl-2-tolysulfonamide, N,N-Diethyl-m-toluamide, Norfloxacin, Ofloxacin, Polychlorinated biphenyls, Prochloraz, Quinalphos, Triphenylphosphineoxide"
26,t9,13,0.6651376146788991,0.13235670174653366,39,27.140111,41.36775,"1,2,3-Benzotriazole, 2,4-Dihydroxybenzophenone, 4-Methyl-1H-benzotriazole, 5-Methyl-1H-benzotriazole (5-Tolytriazole), 5,6-Dimethyl-1H-benzotriazole, Acetaminophen (Paracetamol), AHDI (Phantolide), Anthracene, Atrazine-desethyl, Azithromycin, Benzyldimethyldodecylammonium, Benzyldimethyltetradecylammonium, Boisvelone / Iso-Esuper, Carbendazim, Ciprofloxacin, Clarithromycin, Di(2- ethylhexyl)phthalate (DEHP), Dicyclohexylamine, Dimethoate, Diuron, Erythromycin, Fluoranthene, Hexa(methoxymethyl)melamine, Homosalate, Methyl -iso-propylcyclohexenone, N-Benzyldimethylamine, N-Benzylmethylamine, N-Ethyl-2-tolysulfonamide, N,N-Diethyl-m-toluamide, Nonylphenol diethoxylate, Norfloxacin, Ofloxacin, Omethoate, Oxybenzone, Piperonylbutoxide, Pirimicarb, Polychlorinated biphenyls, Tetracycline, Tris(2-butoxyethyl) phosphate"
27,ec7,55,0.44764795144157815,0.28019877495482537,58,27.526333,41.21675,"1-Hydroxyibuprofen, 1,2,3-Benzotriazole, 2,4-Dihydroxybenzophenone, 3-Chloroaniline, 4-Chloroaniline, 4-Methyl-1H-benzotriazole, 4-tert-Octylphenol diethoxylate, 4,4'-Dichlorobenzophenone, 5-Methyl-1H-benzotriazole (5-Tolytriazole), 5,6-Dimethyl-1H-benzotriazole, 7H-Benzo(de)anthracen-7-one (Benzanthrone), Acetaminophen (Paracetamol), Acetamiprid, Aclonifen, AHDI (Phantolide), Anthracene, Atrazine, Atrazine-desethyl, Azithromycin, Benzo[a]pyrene, Benzo[k]fluoranthene, Benzyldimethyldodecylammonium, Benzyldimethyltetradecylammonium, Bisphenol-A, Boisvelone / Iso-Esuper, Carbazole, Carbendazim, Chlorpyrifos, Ciprofloxacin, Clarithromycin, Di(2- ethylhexyl)phthalate (DEHP), Dicyclohexylamine, Diuron, Doxycycline, Drometrizole, Erythromycin, Fluoranthene, g-Methylionone, Hexa(methoxymethyl)melamine, Mepiquat chloride, Metalaxyl, Microcystin-RR, N-Ethyl-2-tolysulfonamide, N,N-Diethyl-m-toluamide, Nonylphenol diethoxylate, Norfloxacin, Ofloxacin, Omethoate, Oxybenzone, Piperonylbutoxide, Pirimicarb, Polychlorinated biphenyls, Prochloraz, Quinalphos, Sulfamethoxazole, Terbutryn, Triphenylphosphineoxide, Tris(2-butoxyethyl) phosphate"
28,t2-2,57,0.629742033383915,0.239134943240112,37,27.503444,41.292639,"1,2,3-Benzotriazole, 4-Methyl-1H-benzotriazole, 4-tert-Octylphenol diethoxylate, 5-Methyl-1H-benzotriazole (5-Tolytriazole), 5,6-Dimethyl-1H-benzotriazole, 7H-Benzo(de)anthracen-7-one (Benzanthrone), Acetaminophen (Paracetamol), Acetamiprid, alpha-Terpineol, Azithromycin, Benzo[a]pyrene, Benzo[k]fluoranthene, Benzyldimethyldodecylammonium, Benzyldimethyltetradecylammonium, Carbendazim, Ciprofloxacin, Di(2- ethylhexyl)phthalate (DEHP), Dicyclohexylamine, Diuron, Ethylhexylmethoxycinnamate, Fluoranthene, g-Methylionone, Hexa(methoxymethyl)melamine, Indeno[1,2,3-cd]pyrene, Mepiquat chloride, N-Ethyl-2-tolysulfonamide, N,N-Diethyl-m-toluamide, Nonylphenol diethoxylate, Norfloxacin, Ofloxacin, Omethoate, Pirimicarb, Polychlorinated biphenyls, Sulfamethoxazole, Tebuconazole, Terbutryn, Tetracycline"
29,m4,28,0.5030395136778115,0.07833533676564108,56,27.453083,41.254444,"1,2,3-Benzotriazole, 2-Mercapto-benzothiazole, 2,4-Dihydroxybenzophenone, 3-Chloroaniline, 4-Chloroaniline, 4-Methyl-1H-benzotriazole, 4-Methylbenzylidenecamphor, 4-tert-Octylphenol diethoxylate, 5-Methyl-1H-benzotriazole (5-Tolytriazole), 5,6-Dimethyl-1H-benzotriazole, 7H-Benzo(de)anthracen-7-one (Benzanthrone), Acetaminophen (Paracetamol), Acetamiprid, ADBI (Celestolide), AHDI (Phantolide), alpha-Terpineol, Atrazine, Atrazine-desethyl, Azithromycin, Benzo[a]pyrene, Benzyldimethyldodecylammonium, Benzyldimethyltetradecylammonium, Benzyltrimethylammonium, Boisvelone / Iso-Esuper, Carbendazim, Chlorpyrifos, Ciprofloxacin, Clarithromycin, Di(2- ethylhexyl)phthalate (DEHP), Dicyclohexylamine, Diuron, Drometrizole, Erythromycin, Ethylhexylmethoxycinnamate, Hexa(methoxymethyl)melamine, Homosalate, Mepiquat chloride, Methyl -iso-propylcyclohexenone, Monocrotophos, N-Benzylmethylamine, N-Ethyl-2-tolysulfonamide, N,N-Diethyl-m-toluamide, Nonylphenol diethoxylate, Norfloxacin, Ofloxacin, Omethoate, Oxybenzone, Pendimethalin, Piperonylbutoxide, Pirimicarb, Polychlorinated biphenyls, Prochloraz, Quinalphos, Sulfamethoxazole, Terbutryn, Tris(2-butoxyethyl) phosphate"
