,GP-MI_s_key,GP-MI_s_num,GP-MI_poll_count,GP-MI_lon,GP-MI_lat,GP-MI_detected_polls
0,cc3,51,52,27.869722,41.238583,"1,2,3-Benzotriazole, 2-(2-Naphthalenyl)benzothiophene, 2-Mercapto-benzothiazole, 2,4-Dihydroxybenzophenone, 3-Chloroaniline, 4-Chloroaniline, 4-Methyl-1H-benzotriazole, 4-tert-Octylphenol diethoxylate, 5-Methyl-1H-benzotriazole (5-Tolytriazole), 5,6-Dimethyl-1H-benzotriazole, Acetaminophen (Paracetamol), Acetamiprid, Aclonifen, AHDI (Phantolide), alpha-Terpineol, Atrazine-desethyl, Azithromycin, Benzyldimethyldodecylammonium, Benzyldimethyltetradecylammonium, Benzyltrimethylammonium, Boisvelone / Iso-Esuper, Carbendazim, Chlorpyrifos, Ciprofloxacin, Clarithromycin, Dicyclohexylamine, Diuron, Erythromycin, Ethylhexylmethoxycinnamate, g-Methylionone, Hexa(methoxymethyl)melamine, Homosalate, Indeno[1,2,3-cd]pyrene, Mepiquat chloride, Methyl paraben, Methyldihydrojasmonate, Methylsalicylate, Monocrotophos, N-Benzylmethylamine, N-Ethyl-2-tolysulfonamide, N,N-Diethyl-m-toluamide, Nonylphenol diethoxylate, Norfloxacin, Ofloxacin, Oxybenzone, Piperonylbutoxide, Polychlorinated biphenyls, Quinalphos, Sulfamethoxazole, Terbutryn, Tonalide, Tris(2-butoxyethyl) phosphate"
1,m1,1,19,27.469056,41.090139,"1,2,3-Benzotriazole, Aclonifen, Azithromycin, Benzylamine, Benzyldimethyldodecylammonium, Benzyldimethyltetradecylammonium, Benzyltrimethylammonium, Ciprofloxacin, Clarithromycin, Dicyclohexylamine, g-Methylionone, Homosalate, N,N-Diethyl-m-toluamide, Norfloxacin, Ofloxacin, Piperonylbutoxide, Polychlorinated biphenyls, Pyriproxyfen, Tris(2-butoxyethyl) phosphate"
2,m8,31,49,27.326778,41.363444,"1,2,3-Benzotriazole, 2-Mercapto-benzothiazole, 2,4-Dihydroxybenzophenone, 3-Chloroaniline, 4-Chloroaniline, 4-Methyl-1H-benzotriazole, 4-Methylbenzylidenecamphor, 4-tert-Octylphenol diethoxylate, 5-Methyl-1H-benzotriazole (5-Tolytriazole), 5,6-Dimethyl-1H-benzotriazole, 7H-Benzo(de)anthracen-7-one (Benzanthrone), Acetaminophen (Paracetamol), Acetamiprid, Aclonifen, ADBI (Celestolide), AHDI (Phantolide), Atrazine, Azithromycin, Benzylamine, Benzyldimethyldodecylammonium, Benzyldimethyltetradecylammonium, Benzyltrimethylammonium, Boisvelone / Iso-Esuper, Carbendazim, Ciprofloxacin, Clarithromycin, Dicyclohexylamine, Diuron, Hexa(methoxymethyl)melamine, Mepiquat chloride, Methyl -iso-propylcyclohexenone, Microcystin-RR, N-Benzylmethylamine, N-Ethyl-2-tolysulfonamide, N,N-Diethyl-m-toluamide, Nonylphenol diethoxylate, Norfloxacin, Ofloxacin, Oxybenzone, Pentachlorobenzene, Piperonylbutoxide, Pirimicarb, Polychlorinated biphenyls, Prochloraz, Pyriproxyfen, Quinalphos, Sulfamethoxazole, Terbutryn, Tris(2-butoxyethyl) phosphate"
3,t15,22,33,26.681833,41.275194,"1,2,3-Benzotriazole, 2,4-Dihydroxybenzophenone, 4-Methyl-1H-benzotriazole, 4-tert-Octylphenol diethoxylate, 5-Methyl-1H-benzotriazole (5-Tolytriazole), Acetamiprid, Anthracene, Azithromycin, Benzyldimethyldodecylammonium, Benzyldimethyltetradecylammonium, Benzyltrimethylammonium, Carbendazim, Ciprofloxacin, Clarithromycin, Dicyclohexylamine, Diuron, Hexa(methoxymethyl)melamine, Homosalate, Imazamox, Methyl -iso-propylcyclohexenone, Molinate, N,N-Diethyl-m-toluamide, Nonylphenol diethoxylate, Norfloxacin, Ofloxacin, Oxadiazon, Oxadixyl, Oxybenzone, Piperonylbutoxide, Pirimicarb, Polychlorinated biphenyls, Sulfamethoxazole, Tris(2-butoxyethyl) phosphate"
4,ec1,42,27,27.831528,41.346639,"1,2,3-Benzotriazole, 4-Methyl-1H-benzotriazole, 4-tert-Octylphenol diethoxylate, 5-Methyl-1H-benzotriazole (5-Tolytriazole), Acetaminophen (Paracetamol), Atrazine, Azithromycin, Benzylamine, Benzyldimethyldodecylammonium, Benzyldimethyltetradecylammonium, Benzyltrimethylammonium, Boisvelone / Iso-Esuper, Clarithromycin, Di(2- ethylhexyl)phthalate (DEHP), Dicyclohexylamine, Diuron, Ethylhexylmethoxycinnamate, Hexa(methoxymethyl)melamine, N-Benzyldimethylamine, N,N-Diethyl-m-toluamide, Norfloxacin, Ofloxacin, Oxybenzone, Piperonylbutoxide, Polychlorinated biphenyls, Sulfamethoxazole, Tris(2-butoxyethyl) phosphate"
5,m3,27,60,27.476972,41.203139,"1-Hydroxyibuprofen, 1,2,3-Benzotriazole, 2-Mercapto-benzothiazole, 2,4-Dihydroxybenzophenone, 3-Chloroaniline, 4-Chloroaniline, 4-Methyl-1H-benzotriazole, 4-Methylbenzylidenecamphor, 4-tert-Octylphenol diethoxylate, 5-Methyl-1H-benzotriazole (5-Tolytriazole), 5,6-Dimethyl-1H-benzotriazole, 7H-Benzo(de)anthracen-7-one (Benzanthrone), Acetaminophen (Paracetamol), Acetamiprid, ADBI (Celestolide), AHDI (Phantolide), alpha-Terpineol, Atrazine, Atrazine-desethyl, Azithromycin, Azoxystrobin, Benzyldimethyldodecylammonium, Benzyldimethyltetradecylammonium, Benzyltrimethylammonium, Bisphenol-A, Carbendazim, Chlorpyrifos, Ciprofloxacin, Clarithromycin, Cyprodinil, Dicyclohexylamine, Diuron, Epoxiconazole, Ethylhexylmethoxycinnamate, Hexa(methoxymethyl)melamine, Homosalate, Indeno[1,2,3-cd]pyrene, Mepiquat chloride, Metalaxyl, Methyl -iso-propylcyclohexenone, Monocrotophos, Myclobutanil, N-Benzyldimethylamine, N-Benzylmethylamine, N-Ethyl-2-tolysulfonamide, N,N-Diethyl-m-toluamide, Nonylphenol diethoxylate, Norfloxacin, Ofloxacin, Omethoate, Oxybenzone, Pendimethalin, Piperonylbutoxide, Pirimicarb, Polychlorinated biphenyls, Prochloraz, Quinalphos, Sulfamethoxazole, Terbutryn, Tris(2-butoxyethyl) phosphate"
6,m7,45,48,27.351639,41.352,"1-Hydroxyibuprofen, 1,2,3-Benzotriazole, 2-Mercapto-benzothiazole, 2,4-Dihydroxybenzophenone, 3-Chloroaniline, 4-Chloroaniline, 4-Methyl-1H-benzotriazole, 4-Methylbenzylidenecamphor, 4,4'-Dichlorobenzophenone, 5-Methyl-1H-benzotriazole (5-Tolytriazole), 5,6-Dimethyl-1H-benzotriazole, Acetaminophen (Paracetamol), Acetamiprid, alpha-Terpineol, Atrazine-desethyl, Azithromycin, Benzo[k]fluoranthene, Benzyldimethyldodecylammonium, Benzyldimethyltetradecylammonium, Benzyltrimethylammonium, Bisphenol-A, Boisvelone / Iso-Esuper, Carbendazim, Ciprofloxacin, Clarithromycin, Di(2- ethylhexyl)phthalate (DEHP), Dicyclohexylamine, Diuron, Doxycycline, g-Methylionone, Hexa(methoxymethyl)melamine, Homosalate, Mepiquat chloride, Monocrotophos, N-Benzylmethylamine, N-Ethyl-2-tolysulfonamide, N,N-Diethyl-m-toluamide, Nonylphenol diethoxylate, Ofloxacin, Omethoate, Oxybenzone, Piperonylbutoxide, Polychlorinated biphenyls, Prochloraz, Quinalphos, Sulfamethoxazole, Terbutryn, Tris(2-butoxyethyl) phosphate"
7,m9,32,50,27.287861,41.347917,"1-Hydroxyibuprofen, 1,2,3-Benzotriazole, 2-Mercapto-benzothiazole, 2,4-Dihydroxybenzophenone, 3-Chloroaniline, 4-Aminomethyl-benzenesulfonamide, 4-Chloroaniline, 4-Methyl-1H-benzotriazole, 4-Methylbenzylidenecamphor, 4-tert-Octylphenol diethoxylate, 5-Methyl-1H-benzotriazole (5-Tolytriazole), 5,6-Dimethyl-1H-benzotriazole, 7H-Benzo(de)anthracen-7-one (Benzanthrone), Acetaminophen (Paracetamol), Acetamiprid, ADBI (Celestolide), AHDI (Phantolide), Atrazine, Atrazine-desethyl, Azithromycin, Benzyldimethyldodecylammonium, Benzyldimethyltetradecylammonium, Benzyltrimethylammonium, Boisvelone / Iso-Esuper, Carbendazim, Ciprofloxacin, Clarithromycin, Dicyclohexylamine, Diuron, Drometrizole, g-Methylionone, Hexa(methoxymethyl)melamine, Homosalate, Mepiquat chloride, Microcystin-RR, Monocrotophos, N-Benzylmethylamine, N-Ethyl-2-tolysulfonamide, N,N-Diethyl-m-toluamide, Nonylphenol diethoxylate, Norfloxacin, Ofloxacin, Oxybenzone, Piperonylbutoxide, Polychlorinated biphenyls, Prochloraz, Quinalphos, Sulfamethoxazole, Terbutryn, Tris(2-butoxyethyl) phosphate"
8,t2-3,68,28,27.52175,41.305611,"1,2,3-Benzotriazole, 4-Methyl-1H-benzotriazole, 4-tert-Octylphenol diethoxylate, 5-Methyl-1H-benzotriazole (5-Tolytriazole), Acetaminophen (Paracetamol), Aclonifen, Atrazine, Azithromycin, Benzo[a]pyrene, Benzo[k]fluoranthene, Benzyldimethyldodecylammonium, Benzyldimethyltetradecylammonium, Boisvelone / Iso-Esuper, Ciprofloxacin, Clarithromycin, Cyprodinil, Di(2- ethylhexyl)phthalate (DEHP), g-Methylionone, Hexa(methoxymethyl)melamine, Imidacloprid, Microcystin-RR, N-Benzyldimethylamine, N-Benzylmethylamine, N,N-Diethyl-m-toluamide, Ofloxacin, Polychlorinated biphenyls, Spiroxamine, Tetracycline"
9,t7-1,67,25,27.219556,41.418222,"4-Methyl-1H-benzotriazole, 5-Methyl-1H-benzotriazole (5-Tolytriazole), 5,6-Dimethyl-1H-benzotriazole, 7H-Benzo(de)anthracen-7-one (Benzanthrone), Acetaminophen (Paracetamol), ADBI (Celestolide), AHDI (Phantolide), Anthracene, Atrazine-desethyl, Benzo[ghi]perylene, Benzyldimethyldodecylammonium, Benzyldimethyltetradecylammonium, Cadusafos, Ciprofloxacin, Doxycycline, Drometrizole, g-Methylionone, N-Ethyl-2-tolysulfonamide, N,N-Diethyl-m-toluamide, Norfloxacin, Ofloxacin, Piperonylbutoxide, Pirimicarb, Polychlorinated biphenyls, Pyridaben"
10,t1-2,5,33,27.548111,41.261917,"1,2,3-Benzotriazole, 2-(2-Naphthalenyl)benzothiophene, 3-Chloroaniline, 4-tert-Octylphenol diethoxylate, 5-Methyl-1H-benzotriazole (5-Tolytriazole), 5,6-Dimethyl-1H-benzotriazole, 7H-Benzo(de)anthracen-7-one (Benzanthrone), Acetamiprid, Aclonifen, AHDI (Phantolide), Atrazine-desethyl, Azithromycin, Benzo[a]pyrene, Benzo[k]fluoranthene, Benzyldimethyldodecylammonium, Benzyldimethyltetradecylammonium, Ciprofloxacin, Clarithromycin, Diuron, g-Methylionone, Hexa(methoxymethyl)melamine, Mepiquat chloride, Methyl paraben, Methylsalicylate, N,N-Diethyl-m-toluamide, Nonylphenol diethoxylate, Norfloxacin, Ofloxacin, Pendimethalin, Piperonylbutoxide, Polychlorinated biphenyls, Pyriproxyfen, Tris(2-butoxyethyl) phosphate"
11,t16,23,34,26.644944,41.250639,"1,2,3-Benzotriazole, 4-Methyl-1H-benzotriazole, 4-tert-Octylphenol diethoxylate, 5-Methyl-1H-benzotriazole (5-Tolytriazole), Acetamiprid, Azithromycin, Azoxystrobin, Benzyldimethyldodecylammonium, Benzyldimethyltetradecylammonium, Benzyltrimethylammonium, Carbendazim, Ciprofloxacin, Clarithromycin, Di(2- ethylhexyl)phthalate (DEHP), Dicyclohexylamine, Diuron, Epoxiconazole, Hexa(methoxymethyl)melamine, Homosalate, Imazamox, Mepiquat chloride, Methyl -iso-propylcyclohexenone, Metolachlor, Molinate, N-Ethyl-2-tolysulfonamide, N,N-Diethyl-m-toluamide, Nonylphenol diethoxylate, Norfloxacin, Ofloxacin, Oxadiazon, Piperonylbutoxide, Polychlorinated biphenyls, Pyraclostrobin, Tris(2-butoxyethyl) phosphate"
12,t2-2,57,37,27.503444,41.292639,"1,2,3-Benzotriazole, 4-Methyl-1H-benzotriazole, 4-tert-Octylphenol diethoxylate, 5-Methyl-1H-benzotriazole (5-Tolytriazole), 5,6-Dimethyl-1H-benzotriazole, 7H-Benzo(de)anthracen-7-one (Benzanthrone), Acetaminophen (Paracetamol), Acetamiprid, alpha-Terpineol, Azithromycin, Benzo[a]pyrene, Benzo[k]fluoranthene, Benzyldimethyldodecylammonium, Benzyldimethyltetradecylammonium, Carbendazim, Ciprofloxacin, Di(2- ethylhexyl)phthalate (DEHP), Dicyclohexylamine, Diuron, Ethylhexylmethoxycinnamate, Fluoranthene, g-Methylionone, Hexa(methoxymethyl)melamine, Indeno[1,2,3-cd]pyrene, Mepiquat chloride, N-Ethyl-2-tolysulfonamide, N,N-Diethyl-m-toluamide, Nonylphenol diethoxylate, Norfloxacin, Ofloxacin, Omethoate, Pirimicarb, Polychlorinated biphenyls, Sulfamethoxazole, Tebuconazole, Terbutryn, Tetracycline"
13,cc8,47,52,27.794889,41.171389,"1,2,3-Benzotriazole, 2,4-Dihydroxybenzophenone, 3-Chloroaniline, 4-Chloroaniline, 4-Methyl-1H-benzotriazole, 4-tert-Octylphenol diethoxylate, 4,4'-Dichlorobenzophenone, 5-Methyl-1H-benzotriazole (5-Tolytriazole), 5,6-Dimethyl-1H-benzotriazole, Acetaminophen (Paracetamol), Acetamiprid, ADBI (Celestolide), AHDI (Phantolide), Atrazine-desethyl, Azithromycin, Benzo[k]fluoranthene, Benzylamine, Benzyldimethyldodecylammonium, Benzyldimethyltetradecylammonium, Boisvelone / Iso-Esuper, Carbendazim, Chlorpyrifos, Ciprofloxacin, Clarithromycin, Dicyclohexylamine, Diuron, Drometrizole, g-Methylionone, Hexa(methoxymethyl)melamine, Imazalil, Mepiquat chloride, Methyl paraben, Methyldihydrojasmonate, Methylsalicylate, Microcystin-LR, N-Benzyldimethylamine, N-Benzylmethylamine, N-Ethyl-2-tolysulfonamide, N,N-Diethyl-m-toluamide, Nonylphenol diethoxylate, Norfloxacin, Ofloxacin, Oxybenzone, Piperonylbutoxide, Polychlorinated biphenyls, Prochloraz, Pyriproxyfen, Quinalphos, Terbutryn, Triazophos, Tris(2-butoxyethyl) phosphate, Vancomycin"
14,t11-1,73,32,26.931,40.948472,"1,2,3-Benzotriazole, 2,4-Dihydroxybenzophenone, 4-Methyl-1H-benzotriazole, 4-tert-Octylphenol diethoxylate, 5-Methyl-1H-benzotriazole (5-Tolytriazole), Acetamiprid, Aclonifen, Azithromycin, Benzo[a]pyrene, Benzo[k]fluoranthene, Benzyldimethyldodecylammonium, Benzyldimethyltetradecylammonium, Carbendazim, Ciprofloxacin, Clarithromycin, Di(2- ethylhexyl)phthalate (DEHP), Dicyclohexylamine, Hexa(methoxymethyl)melamine, N-Benzyldimethylamine, N-Ethyl-2-tolysulfonamide, N,N-Diethyl-m-toluamide, Nonylphenol diethoxylate, Norfloxacin, Ofloxacin, Omethoate, Oxybenzone, Piperonylbutoxide, Polychlorinated biphenyls, Sulfamethoxazole, Terbutryn, Tetracycline, Trimethoprim"
15,t7-2,11,29,27.176,41.369889,"1,2,3-Benzotriazole, 4-Aminomethyl-benzenesulfonamide, 4-Methyl-1H-benzotriazole, 5-Methyl-1H-benzotriazole (5-Tolytriazole), 5,6-Dimethyl-1H-benzotriazole, Acetamiprid, Aclonifen, Atrazine-desethyl, Azithromycin, Benzylamine, Benzyldimethyldodecylammonium, Benzyldimethyltetradecylammonium, Ciprofloxacin, Clarithromycin, Dicyclohexylamine, Diuron, Drometrizole, Hexa(methoxymethyl)melamine, N-Benzyldimethylamine, N,N-Diethyl-m-toluamide, Norfloxacin, Ofloxacin, Omethoate, Piperonylbutoxide, Pirimicarb, Polychlorinated biphenyls, Prochloraz, Tetracycline, Tris(2-butoxyethyl) phosphate"
16,t18,25,19,26.547278,41.085861,"1,2,3-Benzotriazole, 2-(2-Naphthalenyl)benzothiophene, Aclonifen, Anthracene, Azithromycin, Benzyldimethyldodecylammonium, Benzyldimethyltetradecylammonium, Boisvelone / Iso-Esuper, Clarithromycin, Di(2- ethylhexyl)phthalate (DEHP), Diuron, Homosalate, Methyl -iso-propylcyclohexenone, N,N-Diethyl-m-toluamide, Norfloxacin, Ofloxacin, Piperonylbutoxide, Polychlorinated biphenyls, Quinoxyfen"
17,m13,36,49,26.922472,41.336083,"1,2,3-Benzotriazole, 2-Mercapto-benzothiazole, 2,4-Dihydroxybenzophenone, 4-Chloroaniline, 4-Methyl-1H-benzotriazole, 4-Methylbenzylidenecamphor, 4-tert-Octylphenol diethoxylate, 5-Methyl-1H-benzotriazole (5-Tolytriazole), 5,6-Dimethyl-1H-benzotriazole, 7H-Benzo(de)anthracen-7-one (Benzanthrone), Acetaminophen (Paracetamol), Acetamiprid, Aclonifen, AHDI (Phantolide), Atrazine, Azithromycin, Benzyldimethyldodecylammonium, Benzyldimethyltetradecylammonium, Benzyltrimethylammonium, Boisvelone / Iso-Esuper, Carbendazim, Chlorpyrifos, Ciprofloxacin, Clarithromycin, Cyprodinil, Dicyclohexylamine, Diuron, Hexa(methoxymethyl)melamine, Indeno[1,2,3-cd]pyrene, Mepiquat chloride, Metolachlor, Monocrotophos, Myclobutanil, N-Benzyldimethylamine, N-Benzylmethylamine, N-Ethyl-2-tolysulfonamide, N,N-Diethyl-m-toluamide, Nonylphenol diethoxylate, Norfloxacin, Ofloxacin, Omethoate, Oxybenzone, Piperonylbutoxide, Polychlorinated biphenyls, Prochloraz, Quinalphos, Sulfamethoxazole, Terbutryn, Tris(2-butoxyethyl) phosphate"
18,t12-3,46,33,27.198083,41.683167,"1,2,3-Benzotriazole, 2,4-Dihydroxybenzophenone, 4-Methyl-1H-benzotriazole, 4-tert-Octylphenol diethoxylate, 5-Methyl-1H-benzotriazole (5-Tolytriazole), 5,6-Dimethyl-1H-benzotriazole, Acetaminophen (Paracetamol), Aclonifen, Atrazine-desethyl, Azithromycin, Benzo[a]pyrene, Benzo[k]fluoranthene, Benzyldimethyldodecylammonium, Benzyldimethyltetradecylammonium, Boisvelone / Iso-Esuper, Ciprofloxacin, Clarithromycin, Di(2- ethylhexyl)phthalate (DEHP), Dicyclohexylamine, Hexa(methoxymethyl)melamine, Metolachlor, N-Benzyldimethylamine, N,N-Diethyl-m-toluamide, Nonylphenol diethoxylate, Norfloxacin, Ofloxacin, Oxybenzone, Piperonylbutoxide, Polychlorinated biphenyls, Propiconazole, Sulfamethoxazole, Terbutryn, Tonalide"
19,cc10,41,50,27.599139,41.142472,"1,2,3-Benzotriazole, 2-Mercapto-benzothiazole, 2,4-Dihydroxybenzophenone, 3-Chloroaniline, 4-Methyl-1H-benzotriazole, 4-Methylbenzylidenecamphor, 4-tert-Octylphenol diethoxylate, 5-Methyl-1H-benzotriazole (5-Tolytriazole), 5,6-Dimethyl-1H-benzotriazole, Acetaminophen (Paracetamol), Acetamiprid, Aclonifen, ADBI (Celestolide), AHDI (Phantolide), Atrazine, Atrazine-desethyl, Azithromycin, Benzo[a]pyrene, Benzylamine, Benzyldimethyldodecylammonium, Benzyldimethyltetradecylammonium, Benzyltrimethylammonium, Boisvelone / Iso-Esuper, Carbendazim, Ciprofloxacin, Clarithromycin, Dicyclohexylamine, Diuron, Fluoranthene, Hexa(methoxymethyl)melamine, Mepiquat chloride, Microcystin-RR, Monocrotophos, N-Benzylmethylamine, N-Ethyl-2-tolysulfonamide, N,N-Diethyl-m-toluamide, Nonylphenol diethoxylate, Norfloxacin, Ofloxacin, Omethoate, Oxybenzone, Pendimethalin, Piperonylbutoxide, Pirimicarb, Polychlorinated biphenyls, Prochloraz, Quinalphos, Sulfamethoxazole, Terbutryn, Tris(2-butoxyethyl) phosphate"
20,cc6,49,43,27.864111,41.207444,"1,2,3-Benzotriazole, 1,3-Dinitropyrene, 1,6-Dinitropyrene, 1,8-Dinitropyrene, 2,3,3',4,4',5,5',6-Octabromodiphenyl ether, 3-Chloroaniline, 4-Chloroaniline, 4-Methyl-1H-benzotriazole, 4,4'-Dichlorobenzophenone, 5-Methyl-1H-benzotriazole (5-Tolytriazole), 5,6-Dimethyl-1H-benzotriazole, 7H-Benzo(de)anthracen-7-one (Benzanthrone), Acetaminophen (Paracetamol), ADBI (Celestolide), AHDI (Phantolide), Atrazine-desethyl, Azithromycin, Benzo[a]pyrene, Benzo[k]fluoranthene, Benzylamine, Benzyldimethyldodecylammonium, Benzyldimethyltetradecylammonium, Boisvelone / Iso-Esuper, Cadusafos, Carbendazim, Ciprofloxacin, Dicyclohexylamine, Diuron, Doxycycline, Fluoranthene, Hexa(methoxymethyl)melamine, Mepiquat chloride, Methyl paraben, Methyldihydrojasmonate, Methylsalicylate, N-Benzylmethylamine, N,N-Diethyl-m-toluamide, Nonylphenol diethoxylate, Ofloxacin, Pirimicarb, Polychlorinated biphenyls, Sulfamethoxazole, Tris(2-butoxyethyl) phosphate"
21,t10,14,32,27.109278,41.350472,"1,2,3-Benzotriazole, 4-Chloroaniline, Acetaminophen (Paracetamol), Acetamiprid, Atrazine-desethyl, Azithromycin, Benzylamine, Benzyldimethyldodecylammonium, Benzyldimethyltetradecylammonium, Benzyltrimethylammonium, Carbendazim, Ciprofloxacin, Clarithromycin, Di(2- ethylhexyl)phthalate (DEHP), Dicyclohexylamine, Flutriafol, Hexa(methoxymethyl)melamine, Homosalate, Imazamox, Methyl -iso-propylcyclohexenone, Myclobutanil, N-Benzyldimethylamine, N-Ethyl-2-tolysulfonamide, N,N-Diethyl-m-toluamide, Norfloxacin, Ofloxacin, Omethoate, Piperonylbutoxide, Polychlorinated biphenyls, Prochloraz, Tetracycline, Tris(2-butoxyethyl) phosphate"
22,t8-1,43,38,27.338778,41.060139,"1,2,3-Benzotriazole, 2-Mercapto-benzothiazole, 4-Methyl-1H-benzotriazole, 4-tert-Octylphenol diethoxylate, 5-Methyl-1H-benzotriazole (5-Tolytriazole), 5,6-Dimethyl-1H-benzotriazole, 7H-Benzo(de)anthracen-7-one (Benzanthrone), Acetaminophen (Paracetamol), Benzo[a]pyrene, Benzo[k]fluoranthene, Benzyldimethyldodecylammonium, Benzyldimethyltetradecylammonium, Benzyltrimethylammonium, Boisvelone / Iso-Esuper, Carbendazim, Ciprofloxacin, Di(2- ethylhexyl)phthalate (DEHP), Dicyclohexylamine, Diuron, Ethylhexylmethoxycinnamate, g-Methylionone, Hexa(methoxymethyl)melamine, Homosalate, Methyldihydrojasmonate, N-Benzyldimethylamine, N-Benzylmethylamine, N,N-Diethyl-m-toluamide, Nonylphenol diethoxylate, Norfloxacin, Ofloxacin, Oxybenzone, Piperonylbutoxide, Polychlorinated biphenyls, Prochloraz, Terbutryn, Tonalide, Trifluralin, Tris(2-butoxyethyl) phosphate"
23,t12-5,17,19,27.061806,41.364694,"1,2,3-Benzotriazole, 5-Methyl-1H-benzotriazole (5-Tolytriazole), Aclonifen, Azithromycin, Benzyldimethyldodecylammonium, Benzyldimethyltetradecylammonium, Clarithromycin, Drometrizole, Ethylhexylmethoxycinnamate, Hexa(methoxymethyl)melamine, Metolachlor, Microcystin-RR, Myclobutanil, N,N-Diethyl-m-toluamide, Norfloxacin, Ofloxacin, Piperonylbutoxide, Polychlorinated biphenyls, Tris(2-butoxyethyl) phosphate"
24,t14-2,21,19,26.789778,41.308583,"1,2,3-Benzotriazole, Atrazine, Azithromycin, Benzyldimethyldodecylammonium, Benzyldimethyltetradecylammonium, Benzyltrimethylammonium, Dicyclohexylamine, Ethylhexylmethoxycinnamate, Hexa(methoxymethyl)melamine, Methyl -iso-propylcyclohexenone, Molinate, Myclobutanil, N-Benzyldimethylamine, N,N-Diethyl-m-toluamide, Norfloxacin, Ofloxacin, Piperonylbutoxide, Polychlorinated biphenyls, Terbuthylazine"
25,t1-1,56,40,27.582556,41.277111,"1,2,3-Benzotriazole, 1,6-Dinitropyrene, 1,8-Dinitropyrene, 2,3,3',4,4',5,5',6-Octabromodiphenyl ether, 3-Chloroaniline, 4-Chloroaniline, 4-Methyl-1H-benzotriazole, 4,4'-Dichlorobenzophenone, 5-Methyl-1H-benzotriazole (5-Tolytriazole), 5,6-Dimethyl-1H-benzotriazole, 7H-Benzo(de)anthracen-7-one (Benzanthrone), Acetaminophen (Paracetamol), Aclonifen, ADBI (Celestolide), AHDI (Phantolide), Atrazine, Atrazine-desethyl, Azithromycin, Benzo[a]anthracene, Benzo[a]pyrene, Benzo[b]fluoranthene, Benzo[k]fluoranthene, Benzyldimethyldodecylammonium, Benzyldimethyltetradecylammonium, Ciprofloxacin, Dicyclohexylamine, Diuron, g-Methylionone, Hexa(methoxymethyl)melamine, Mepiquat chloride, Methyl paraben, Methylsalicylate, N,N-Diethyl-m-toluamide, Nonylphenol diethoxylate, Norfloxacin, Ofloxacin, Piperonylbutoxide, Polychlorinated biphenyls, Terbutryn, Tris(2-butoxyethyl) phosphate"
26,ec7,55,58,27.526333,41.21675,"1-Hydroxyibuprofen, 1,2,3-Benzotriazole, 2,4-Dihydroxybenzophenone, 3-Chloroaniline, 4-Chloroaniline, 4-Methyl-1H-benzotriazole, 4-tert-Octylphenol diethoxylate, 4,4'-Dichlorobenzophenone, 5-Methyl-1H-benzotriazole (5-Tolytriazole), 5,6-Dimethyl-1H-benzotriazole, 7H-Benzo(de)anthracen-7-one (Benzanthrone), Acetaminophen (Paracetamol), Acetamiprid, Aclonifen, AHDI (Phantolide), Anthracene, Atrazine, Atrazine-desethyl, Azithromycin, Benzo[a]pyrene, Benzo[k]fluoranthene, Benzyldimethyldodecylammonium, Benzyldimethyltetradecylammonium, Bisphenol-A, Boisvelone / Iso-Esuper, Carbazole, Carbendazim, Chlorpyrifos, Ciprofloxacin, Clarithromycin, Di(2- ethylhexyl)phthalate (DEHP), Dicyclohexylamine, Diuron, Doxycycline, Drometrizole, Erythromycin, Fluoranthene, g-Methylionone, Hexa(methoxymethyl)melamine, Mepiquat chloride, Metalaxyl, Microcystin-RR, N-Ethyl-2-tolysulfonamide, N,N-Diethyl-m-toluamide, Nonylphenol diethoxylate, Norfloxacin, Ofloxacin, Omethoate, Oxybenzone, Piperonylbutoxide, Pirimicarb, Polychlorinated biphenyls, Prochloraz, Quinalphos, Sulfamethoxazole, Terbutryn, Triphenylphosphineoxide, Tris(2-butoxyethyl) phosphate"
27,t12-4,66,25,27.045389,41.454389,"4-Methyl-1H-benzotriazole, 4-tert-Octylphenol diethoxylate, 4,4'-Dichlorobenzophenone, Aclonifen, Azithromycin, Benzo[k]fluoranthene, Benzyldimethyldodecylammonium, Benzyldimethyltetradecylammonium, Boisvelone / Iso-Esuper, Carbendazim, Ciprofloxacin, Clarithromycin, Dicyclohexylamine, Ethylhexylmethoxycinnamate, g-Methylionone, Hexa(methoxymethyl)melamine, Homosalate, Metolachlor, N,N-Diethyl-m-toluamide, Norfloxacin, Ofloxacin, Piperonylbutoxide, Polychlorinated biphenyls, Sulfamethoxazole, Trimethoprim"
28,t3-1,7,55,27.456889,41.342806,"1-Hydroxyibuprofen, 1,2,3-Benzotriazole, 4-Aminomethyl-benzenesulfonamide, 4-Methyl-1H-benzotriazole, 5-Methyl-1H-benzotriazole (5-Tolytriazole), 5,6-Dimethyl-1H-benzotriazole, 7H-Benzo(de)anthracen-7-one (Benzanthrone), Acetaminophen (Paracetamol), Acetamiprid, AHDI (Phantolide), Anthracene, Atrazine-desethyl, Azithromycin, Benzo[a]pyrene, Benzyldimethyldodecylammonium, Benzyldimethyltetradecylammonium, Benzyltrimethylammonium, Bisphenol-A, Carbendazim, Chlorfenvinphos, Ciprofloxacin, Clarithromycin, Di(2- ethylhexyl)phthalate (DEHP), Dicyclohexylamine, Diuron, Drometrizole, Erythromycin, Fluoranthene, Hexa(methoxymethyl)melamine, Imazalil, Lenacil, Mepiquat chloride, Metalaxyl, Methyl paraben, Metolachlor, N-Benzyldimethylamine, N-Ethyl-2-tolysulfonamide, N,N-Diethyl-m-toluamide, Nonylphenol diethoxylate, Norfloxacin, Ofloxacin, Omethoate, Oxybenzone, Pendimethalin, Piperonylbutoxide, Pirimicarb, Polychlorinated biphenyls, Prochloraz, Propetamphos, Pyridaben, Quinalphos, Sulfamethoxazole, Terbutryn, Tetracycline, Tris(2-butoxyethyl) phosphate"
29,t13-3,19,25,26.911861,41.382472,"1,2,3-Benzotriazole, 7H-Benzo(de)anthracen-7-one (Benzanthrone), Azithromycin, Benzyldimethyldodecylammonium, Benzyldimethyltetradecylammonium, Benzyltrimethylammonium, Boisvelone / Iso-Esuper, Carbendazim, Clarithromycin, Dicyclohexylamine, Drometrizole, Homosalate, Metolachlor, Microcystin-RR, Molinate, Myclobutanil, N-Benzyldimethylamine, N,N-Diethyl-m-toluamide, Norfloxacin, Ofloxacin, Oxadiazon, Piperonylbutoxide, Polychlorinated biphenyls, Prochloraz, Sulfamethoxazole"
