,QR_s_key,QR_s_num,QR_poll_count,QR_detected_polls
0,m18,2,24,"1,2,3-Benzotriazole, 2-(2-Naphthalenyl)benzothiophene, Aclonifen, Azithromycin, Azoxystrobin, Benzylamine, Benzyldimethyldodecylammonium, Benzyldimethyltetradecylammonium, Benzyltrimethylammonium, Carbendazim, Clarithromycin, Dicyclohexylamine, Hexa(methoxymethyl)melamine, Imazamox, Molinate, N-Benzyldimethylamine, N,N-Diethyl-m-toluamide, Norfloxacin, Ofloxacin, Oxadiazon, Piperonylbutoxide, Polychlorinated biphenyls, Terbuthylazine, Tetracycline"
1,cc11,3,53,"1,2,3-Benzotriazole, 2-(2-Naphthalenyl)benzothiophene, 2-Mercapto-benzothiazole, 2,4-Dihydroxybenzophenone, 3-Chloroaniline, 4-Chloroaniline, 4-Methyl-1H-benzotriazole, 4-Methylbenzylidenecamphor, 4-tert-Octylphenol diethoxylate, 5-Methyl-1H-benzotriazole (5-Tolytriazole), 5,6-Dimethyl-1H-benzotriazole, 7H-Benzo(de)anthracen-7-one (Benzanthrone), Acetaminophen (Paracetamol), Acetamiprid, Aclonifen, ADBI (Celestolide), AHDI (Phantolide), Atrazine-desethyl, Azithromycin, Benzylamine, Benzyldimethyldodecylammonium, Benzyldimethyltetradecylammonium, Benzyltrimethylammonium, Carbendazim, Ciprofloxacin, Clarithromycin, Dicyclohexylamine, Diuron, Drometrizole, Epoxiconazole, Fluoranthene, g-Methylionone, Hexa(methoxymethyl)melamine, Mepiquat chloride, Monocrotophos, Myclobutanil, N-Benzylmethylamine, N-Ethyl-2-tolysulfonamide, N,N-Diethyl-m-toluamide, Nonylphenol diethoxylate, Norfloxacin, Ofloxacin, Omethoate, Oxybenzone, Piperonylbutoxide, Pirimicarb, Polychlorinated biphenyls, Prochloraz, Propazine, Pyriproxyfen, Sulfamethoxazole, Terbutryn, Tris(2-butoxyethyl) phosphate"
2,t1-2,5,33,"1,2,3-Benzotriazole, 2-(2-Naphthalenyl)benzothiophene, 3-Chloroaniline, 4-tert-Octylphenol diethoxylate, 5-Methyl-1H-benzotriazole (5-Tolytriazole), 5,6-Dimethyl-1H-benzotriazole, 7H-Benzo(de)anthracen-7-one (Benzanthrone), Acetamiprid, Aclonifen, AHDI (Phantolide), Atrazine-desethyl, Azithromycin, Benzo[a]pyrene, Benzo[k]fluoranthene, Benzyldimethyldodecylammonium, Benzyldimethyltetradecylammonium, Ciprofloxacin, Clarithromycin, Diuron, g-Methylionone, Hexa(methoxymethyl)melamine, Mepiquat chloride, Methyl paraben, Methylsalicylate, N,N-Diethyl-m-toluamide, Nonylphenol diethoxylate, Norfloxacin, Ofloxacin, Pendimethalin, Piperonylbutoxide, Polychlorinated biphenyls, Pyriproxyfen, Tris(2-butoxyethyl) phosphate"
3,t3-1,7,55,"1-Hydroxyibuprofen, 1,2,3-Benzotriazole, 4-Aminomethyl-benzenesulfonamide, 4-Methyl-1H-benzotriazole, 5-Methyl-1H-benzotriazole (5-Tolytriazole), 5,6-Dimethyl-1H-benzotriazole, 7H-Benzo(de)anthracen-7-one (Benzanthrone), Acetaminophen (Paracetamol), Acetamiprid, AHDI (Phantolide), Anthracene, Atrazine-desethyl, Azithromycin, Benzo[a]pyrene, Benzyldimethyldodecylammonium, Benzyldimethyltetradecylammonium, Benzyltrimethylammonium, Bisphenol-A, Carbendazim, Chlorfenvinphos, Ciprofloxacin, Clarithromycin, Di(2- ethylhexyl)phthalate (DEHP), Dicyclohexylamine, Diuron, Drometrizole, Erythromycin, Fluoranthene, Hexa(methoxymethyl)melamine, Imazalil, Lenacil, Mepiquat chloride, Metalaxyl, Methyl paraben, Metolachlor, N-Benzyldimethylamine, N-Ethyl-2-tolysulfonamide, N,N-Diethyl-m-toluamide, Nonylphenol diethoxylate, Norfloxacin, Ofloxacin, Omethoate, Oxybenzone, Pendimethalin, Piperonylbutoxide, Pirimicarb, Polychlorinated biphenyls, Prochloraz, Propetamphos, Pyridaben, Quinalphos, Sulfamethoxazole, Terbutryn, Tetracycline, Tris(2-butoxyethyl) phosphate"
4,t4,8,58,"1,2,3-Benzotriazole, 2,3,3',4,4',5,5',6-Octabromodiphenyl ether, 4-Aminomethyl-benzenesulfonamide, 4-Chloroaniline, 4-Methyl-1H-benzotriazole, 4-Methylbenzylidenecamphor, 5-Methyl-1H-benzotriazole (5-Tolytriazole), 5,6-Dimethyl-1H-benzotriazole, 7H-Benzo(de)anthracen-7-one (Benzanthrone), Acetaminophen (Paracetamol), Acetamiprid, Anthracene, Atrazine-desethyl, Azithromycin, Benzo[ghi]perylene, Benzyldimethyldodecylammonium, Benzyldimethyltetradecylammonium, Bisphenol-A, Boisvelone / Iso-Esuper, Cadusafos, Carbofuran, Chloramphenicol, Ciprofloxacin, Clarithromycin, Di(2- ethylhexyl)phthalate (DEHP), Dicyclohexylamine, Epoxiconazole, Fluoranthene, Hexa(methoxymethyl)melamine, Imazalil, Indeno[1,2,3-cd]pyrene, Lenacil, Mepiquat chloride, Metalaxyl, Methyl paraben, Metolachlor, N-Ethyl-2-tolysulfonamide, N,N-Diethyl-m-toluamide, Nonylphenol diethoxylate, Norfloxacin, Ofloxacin, Omethoate, Penconazole, Pendimethalin, Pentachlorobenzene, Piperonylbutoxide, Pirimicarb, Polychlorinated biphenyls, Prochloraz, Propetamphos, Propyl paraben, Pyridaben, Quinalphos, Spiroxamine, Terbuthylazine, Terbutryn, Tetracycline, Tris(2-butoxyethyl) phosphate"
5,t6,10,44,"1-Hydroxyibuprofen, 1,2,3-Benzotriazole, 2,4-Dihydroxybenzophenone, 4-Aminomethyl-benzenesulfonamide, 4-Methyl-1H-benzotriazole, 5-Methyl-1H-benzotriazole (5-Tolytriazole), Acetaminophen (Paracetamol), Acetamiprid, Aclonifen, Anthracene, Atrazine-desethyl, Azithromycin, Benzo[a]anthracene, Benzo[k]fluoranthene, Benzyldimethyldodecylammonium, Benzyldimethyltetradecylammonium, Benzyltrimethylammonium, Carbendazim, Chlorpyrifos, Ciprofloxacin, Clarithromycin, Di(2- ethylhexyl)phthalate (DEHP), Dicyclohexylamine, Diuron, Epoxiconazole, Flutolanil, g-Methylionone, Hexa(methoxymethyl)melamine, Homosalate, N-Benzyldimethylamine, N,N-Diethyl-m-toluamide, Nonylphenol diethoxylate, Norfloxacin, Ofloxacin, Omethoate, Oxybenzone, Piperonylbutoxide, Polychlorinated biphenyls, Prochloraz, Propetamphos, Pyridaben, Sulfamethoxazole, Thiacloprid, Tris(2-butoxyethyl) phosphate"
6,t7-2,11,29,"1,2,3-Benzotriazole, 4-Aminomethyl-benzenesulfonamide, 4-Methyl-1H-benzotriazole, 5-Methyl-1H-benzotriazole (5-Tolytriazole), 5,6-Dimethyl-1H-benzotriazole, Acetamiprid, Aclonifen, Atrazine-desethyl, Azithromycin, Benzylamine, Benzyldimethyldodecylammonium, Benzyldimethyltetradecylammonium, Ciprofloxacin, Clarithromycin, Dicyclohexylamine, Diuron, Drometrizole, Hexa(methoxymethyl)melamine, N-Benzyldimethylamine, N,N-Diethyl-m-toluamide, Norfloxacin, Ofloxacin, Omethoate, Piperonylbutoxide, Pirimicarb, Polychlorinated biphenyls, Prochloraz, Tetracycline, Tris(2-butoxyethyl) phosphate"
7,t9,13,39,"1,2,3-Benzotriazole, 2,4-Dihydroxybenzophenone, 4-Methyl-1H-benzotriazole, 5-Methyl-1H-benzotriazole (5-Tolytriazole), 5,6-Dimethyl-1H-benzotriazole, Acetaminophen (Paracetamol), AHDI (Phantolide), Anthracene, Atrazine-desethyl, Azithromycin, Benzyldimethyldodecylammonium, Benzyldimethyltetradecylammonium, Boisvelone / Iso-Esuper, Carbendazim, Ciprofloxacin, Clarithromycin, Di(2- ethylhexyl)phthalate (DEHP), Dicyclohexylamine, Dimethoate, Diuron, Erythromycin, Fluoranthene, Hexa(methoxymethyl)melamine, Homosalate, Methyl -iso-propylcyclohexenone, N-Benzyldimethylamine, N-Benzylmethylamine, N-Ethyl-2-tolysulfonamide, N,N-Diethyl-m-toluamide, Nonylphenol diethoxylate, Norfloxacin, Ofloxacin, Omethoate, Oxybenzone, Piperonylbutoxide, Pirimicarb, Polychlorinated biphenyls, Tetracycline, Tris(2-butoxyethyl) phosphate"
8,m2,26,61,"1,2,3-Benzotriazole, 2-Mercapto-benzothiazole, 2,4-Dihydroxybenzophenone, 3-Chloroaniline, 4-Chloroaniline, 4-Methyl-1H-benzotriazole, 4-Methylbenzylidenecamphor, 4-tert-Octylphenol diethoxylate, 5-Methyl-1H-benzotriazole (5-Tolytriazole), 5,6-Dimethyl-1H-benzotriazole, 7H-Benzo(de)anthracen-7-one (Benzanthrone), Acetaminophen (Paracetamol), Acetamiprid, ADBI (Celestolide), AHDI (Phantolide), alpha-Terpineol, Atrazine, Atrazine-desethyl, Azithromycin, Benzylamine, Benzyldimethyldodecylammonium, Benzyldimethyltetradecylammonium, Benzyltrimethylammonium, Boisvelone / Iso-Esuper, Carbendazim, Chlorpyrifos, Ciprofloxacin, Clarithromycin, Di(2- ethylhexyl)phthalate (DEHP), Dicyclohexylamine, Diuron, Drometrizole, Epoxiconazole, Erythromycin, Ethylhexylmethoxycinnamate, Fluoranthene, Hexa(methoxymethyl)melamine, Homosalate, Imazalil, Indeno[1,2,3-cd]pyrene, Mepiquat chloride, Methyl -iso-propylcyclohexenone, Monocrotophos, Myclobutanil, N-Benzylmethylamine, N-Ethyl-2-tolysulfonamide, N,N-Diethyl-m-toluamide, Nonylphenol diethoxylate, Norfloxacin, Ofloxacin, Omethoate, Oxybenzone, Pendimethalin, Piperonylbutoxide, Pirimicarb, Polychlorinated biphenyls, Prochloraz, Quinalphos, Sulfamethoxazole, Terbutryn, Tris(2-butoxyethyl) phosphate"
9,m4,28,56,"1,2,3-Benzotriazole, 2-Mercapto-benzothiazole, 2,4-Dihydroxybenzophenone, 3-Chloroaniline, 4-Chloroaniline, 4-Methyl-1H-benzotriazole, 4-Methylbenzylidenecamphor, 4-tert-Octylphenol diethoxylate, 5-Methyl-1H-benzotriazole (5-Tolytriazole), 5,6-Dimethyl-1H-benzotriazole, 7H-Benzo(de)anthracen-7-one (Benzanthrone), Acetaminophen (Paracetamol), Acetamiprid, ADBI (Celestolide), AHDI (Phantolide), alpha-Terpineol, Atrazine, Atrazine-desethyl, Azithromycin, Benzo[a]pyrene, Benzyldimethyldodecylammonium, Benzyldimethyltetradecylammonium, Benzyltrimethylammonium, Boisvelone / Iso-Esuper, Carbendazim, Chlorpyrifos, Ciprofloxacin, Clarithromycin, Di(2- ethylhexyl)phthalate (DEHP), Dicyclohexylamine, Diuron, Drometrizole, Erythromycin, Ethylhexylmethoxycinnamate, Hexa(methoxymethyl)melamine, Homosalate, Mepiquat chloride, Methyl -iso-propylcyclohexenone, Monocrotophos, N-Benzylmethylamine, N-Ethyl-2-tolysulfonamide, N,N-Diethyl-m-toluamide, Nonylphenol diethoxylate, Norfloxacin, Ofloxacin, Omethoate, Oxybenzone, Pendimethalin, Piperonylbutoxide, Pirimicarb, Polychlorinated biphenyls, Prochloraz, Quinalphos, Sulfamethoxazole, Terbutryn, Tris(2-butoxyethyl) phosphate"
10,m16,39,37,"1,2,3-Benzotriazole, 4-Methyl-1H-benzotriazole, 4-tert-Octylphenol diethoxylate, 5-Methyl-1H-benzotriazole (5-Tolytriazole), 7H-Benzo(de)anthracen-7-one (Benzanthrone), Acetamiprid, Azithromycin, Benzyldimethyldodecylammonium, Benzyldimethyltetradecylammonium, Benzyltrimethylammonium, Boisvelone / Iso-Esuper, Carbendazim, Ciprofloxacin, Clarithromycin, Dicyclohexylamine, Diuron, Epoxiconazole, Hexa(methoxymethyl)melamine, Imazamox, Mepiquat chloride, Metolachlor, Molinate, Monocrotophos, N-Benzyldimethylamine, N-Benzylmethylamine, N-Ethyl-2-tolysulfonamide, N,N-Diethyl-m-toluamide, Nonylphenol diethoxylate, Norfloxacin, Ofloxacin, Oxybenzone, Piperonylbutoxide, Polychlorinated biphenyls, Prochloraz, Sulfamethoxazole, Terbutryn, Tris(2-butoxyethyl) phosphate"
11,t8-1,43,38,"1,2,3-Benzotriazole, 2-Mercapto-benzothiazole, 4-Methyl-1H-benzotriazole, 4-tert-Octylphenol diethoxylate, 5-Methyl-1H-benzotriazole (5-Tolytriazole), 5,6-Dimethyl-1H-benzotriazole, 7H-Benzo(de)anthracen-7-one (Benzanthrone), Acetaminophen (Paracetamol), Benzo[a]pyrene, Benzo[k]fluoranthene, Benzyldimethyldodecylammonium, Benzyldimethyltetradecylammonium, Benzyltrimethylammonium, Boisvelone / Iso-Esuper, Carbendazim, Ciprofloxacin, Di(2- ethylhexyl)phthalate (DEHP), Dicyclohexylamine, Diuron, Ethylhexylmethoxycinnamate, g-Methylionone, Hexa(methoxymethyl)melamine, Homosalate, Methyldihydrojasmonate, N-Benzyldimethylamine, N-Benzylmethylamine, N,N-Diethyl-m-toluamide, Nonylphenol diethoxylate, Norfloxacin, Ofloxacin, Oxybenzone, Piperonylbutoxide, Polychlorinated biphenyls, Prochloraz, Terbutryn, Tonalide, Trifluralin, Tris(2-butoxyethyl) phosphate"
12,t12-3,46,33,"1,2,3-Benzotriazole, 2,4-Dihydroxybenzophenone, 4-Methyl-1H-benzotriazole, 4-tert-Octylphenol diethoxylate, 5-Methyl-1H-benzotriazole (5-Tolytriazole), 5,6-Dimethyl-1H-benzotriazole, Acetaminophen (Paracetamol), Aclonifen, Atrazine-desethyl, Azithromycin, Benzo[a]pyrene, Benzo[k]fluoranthene, Benzyldimethyldodecylammonium, Benzyldimethyltetradecylammonium, Boisvelone / Iso-Esuper, Ciprofloxacin, Clarithromycin, Di(2- ethylhexyl)phthalate (DEHP), Dicyclohexylamine, Hexa(methoxymethyl)melamine, Metolachlor, N-Benzyldimethylamine, N,N-Diethyl-m-toluamide, Nonylphenol diethoxylate, Norfloxacin, Ofloxacin, Oxybenzone, Piperonylbutoxide, Polychlorinated biphenyls, Propiconazole, Sulfamethoxazole, Terbutryn, Tonalide"
13,cc8,47,52,"1,2,3-Benzotriazole, 2,4-Dihydroxybenzophenone, 3-Chloroaniline, 4-Chloroaniline, 4-Methyl-1H-benzotriazole, 4-tert-Octylphenol diethoxylate, 4,4'-Dichlorobenzophenone, 5-Methyl-1H-benzotriazole (5-Tolytriazole), 5,6-Dimethyl-1H-benzotriazole, Acetaminophen (Paracetamol), Acetamiprid, ADBI (Celestolide), AHDI (Phantolide), Atrazine-desethyl, Azithromycin, Benzo[k]fluoranthene, Benzylamine, Benzyldimethyldodecylammonium, Benzyldimethyltetradecylammonium, Boisvelone / Iso-Esuper, Carbendazim, Chlorpyrifos, Ciprofloxacin, Clarithromycin, Dicyclohexylamine, Diuron, Drometrizole, g-Methylionone, Hexa(methoxymethyl)melamine, Imazalil, Mepiquat chloride, Methyl paraben, Methyldihydrojasmonate, Methylsalicylate, Microcystin-LR, N-Benzyldimethylamine, N-Benzylmethylamine, N-Ethyl-2-tolysulfonamide, N,N-Diethyl-m-toluamide, Nonylphenol diethoxylate, Norfloxacin, Ofloxacin, Oxybenzone, Piperonylbutoxide, Polychlorinated biphenyls, Prochloraz, Pyriproxyfen, Quinalphos, Terbutryn, Triazophos, Tris(2-butoxyethyl) phosphate, Vancomycin"
14,cc7,48,45,"1,2,3-Benzotriazole, 3-Chloroaniline, 4-Chloroaniline, 4-Methyl-1H-benzotriazole, 4,4'-Dichlorobenzophenone, 5-Methyl-1H-benzotriazole (5-Tolytriazole), 5,6-Dimethyl-1H-benzotriazole, 7H-Benzo(de)anthracen-7-one (Benzanthrone), Acetaminophen (Paracetamol), Acetamiprid, ADBI (Celestolide), AHDI (Phantolide), Azithromycin, Benzo[a]pyrene, Benzo[k]fluoranthene, Benzylamine, Benzyldimethyldodecylammonium, Benzyldimethyltetradecylammonium, Carbendazim, Chloramphenicol, Ciprofloxacin, Dicyclohexylamine, Diuron, Doxycycline, g-Methylionone, Hexa(methoxymethyl)melamine, Indeno[1,2,3-cd]pyrene, Mepiquat chloride, Methyl paraben, Methyldihydrojasmonate, Methylsalicylate, N-Benzylmethylamine, N,N-Diethyl-m-toluamide, Nonylphenol diethoxylate, Norfloxacin, Ofloxacin, Oxybenzone, Piperonylbutoxide, Polychlorinated biphenyls, Prochloraz, Propiconazole, Pyriproxyfen, Quinalphos, Triazophos, Tris(2-butoxyethyl) phosphate"
15,cc6,49,43,"1,2,3-Benzotriazole, 1,3-Dinitropyrene, 1,6-Dinitropyrene, 1,8-Dinitropyrene, 2,3,3',4,4',5,5',6-Octabromodiphenyl ether, 3-Chloroaniline, 4-Chloroaniline, 4-Methyl-1H-benzotriazole, 4,4'-Dichlorobenzophenone, 5-Methyl-1H-benzotriazole (5-Tolytriazole), 5,6-Dimethyl-1H-benzotriazole, 7H-Benzo(de)anthracen-7-one (Benzanthrone), Acetaminophen (Paracetamol), ADBI (Celestolide), AHDI (Phantolide), Atrazine-desethyl, Azithromycin, Benzo[a]pyrene, Benzo[k]fluoranthene, Benzylamine, Benzyldimethyldodecylammonium, Benzyldimethyltetradecylammonium, Boisvelone / Iso-Esuper, Cadusafos, Carbendazim, Ciprofloxacin, Dicyclohexylamine, Diuron, Doxycycline, Fluoranthene, Hexa(methoxymethyl)melamine, Mepiquat chloride, Methyl paraben, Methyldihydrojasmonate, Methylsalicylate, N-Benzylmethylamine, N,N-Diethyl-m-toluamide, Nonylphenol diethoxylate, Ofloxacin, Pirimicarb, Polychlorinated biphenyls, Sulfamethoxazole, Tris(2-butoxyethyl) phosphate"
16,cc2,50,33,"1,2,3-Benzotriazole, 2-Mercapto-benzothiazole, 4-Methyl-1H-benzotriazole, 5-Methyl-1H-benzotriazole (5-Tolytriazole), 5,6-Dimethyl-1H-benzotriazole, Acetaminophen (Paracetamol), Aclonifen, Azithromycin, Benzenesulfonamide, Benzo[a]anthracene, Benzo[a]pyrene, Benzo[k]fluoranthene, Benzothiazole, Benzyldimethyldodecylammonium, Benzyldimethyltetradecylammonium, Bisphenol-A, Carbendazim, Clarithromycin, Dicyclohexylamine, Ethoprophos, g-Methylionone, Hexa(methoxymethyl)melamine, N-Ethyl-2-tolysulfonamide, N,N-Diethyl-m-toluamide, Nonylphenol diethoxylate, Ofloxacin, Omethoate, Oxybenzone, Piperonylbutoxide, Polychlorinated biphenyls, Pyridaben, Sulfamethoxazole, Tris(2-butoxyethyl) phosphate"
17,cc3,51,52,"1,2,3-Benzotriazole, 2-(2-Naphthalenyl)benzothiophene, 2-Mercapto-benzothiazole, 2,4-Dihydroxybenzophenone, 3-Chloroaniline, 4-Chloroaniline, 4-Methyl-1H-benzotriazole, 4-tert-Octylphenol diethoxylate, 5-Methyl-1H-benzotriazole (5-Tolytriazole), 5,6-Dimethyl-1H-benzotriazole, Acetaminophen (Paracetamol), Acetamiprid, Aclonifen, AHDI (Phantolide), alpha-Terpineol, Atrazine-desethyl, Azithromycin, Benzyldimethyldodecylammonium, Benzyldimethyltetradecylammonium, Benzyltrimethylammonium, Boisvelone / Iso-Esuper, Carbendazim, Chlorpyrifos, Ciprofloxacin, Clarithromycin, Dicyclohexylamine, Diuron, Erythromycin, Ethylhexylmethoxycinnamate, g-Methylionone, Hexa(methoxymethyl)melamine, Homosalate, Indeno[1,2,3-cd]pyrene, Mepiquat chloride, Methyl paraben, Methyldihydrojasmonate, Methylsalicylate, Monocrotophos, N-Benzylmethylamine, N-Ethyl-2-tolysulfonamide, N,N-Diethyl-m-toluamide, Nonylphenol diethoxylate, Norfloxacin, Ofloxacin, Oxybenzone, Piperonylbutoxide, Polychlorinated biphenyls, Quinalphos, Sulfamethoxazole, Terbutryn, Tonalide, Tris(2-butoxyethyl) phosphate"
18,ec5,53,50,"1-Hydroxyibuprofen, 1,2,3-Benzotriazole, 2,4-Dihydroxybenzophenone, 3-Chloroaniline, 4-Chloroaniline, 4-Methyl-1H-benzotriazole, 4-tert-Octylphenol diethoxylate, 4,4'-Dichlorobenzophenone, 5-Methyl-1H-benzotriazole (5-Tolytriazole), 5,6-Dimethyl-1H-benzotriazole, 7H-Benzo(de)anthracen-7-one (Benzanthrone), Acetaminophen (Paracetamol), Acetamiprid, AHDI (Phantolide), Atrazine, Azithromycin, Benzo[a]pyrene, Benzo[ghi]perylene, Benzo[k]fluoranthene, Benzyldimethyldodecylammonium, Benzyldimethyltetradecylammonium, Benzyltrimethylammonium, Bisphenol-A, Carbendazim, Ciprofloxacin, Clarithromycin, Dicyclohexylamine, Diuron, Doxycycline, Drometrizole, Fluoranthene, g-Methylionone, Hexa(methoxymethyl)melamine, Mepiquat chloride, Methylsalicylate, Metolachlor, N-Ethyl-2-tolysulfonamide, N,N-Diethyl-m-toluamide, Nonylphenol diethoxylate, Norfloxacin, Ofloxacin, Oxybenzone, Piperonylbutoxide, Polychlorinated biphenyls, Prochloraz, Quinalphos, Sulfamethoxazole, Terbutryn, Triphenylphosphineoxide, Tris(2-butoxyethyl) phosphate"
19,ec6,54,33,"1,2,3-Benzotriazole, 1,8-Dinitropyrene, 3-Chloroaniline, 4-Chloroaniline, 4-Methyl-1H-benzotriazole, 4-tert-Octylphenol diethoxylate, 4,4'-Dichlorobenzophenone, 5-Methyl-1H-benzotriazole (5-Tolytriazole), 5,6-Dimethyl-1H-benzotriazole, 7H-Benzo(de)anthracen-7-one (Benzanthrone), Acetaminophen (Paracetamol), AHDI (Phantolide), Azithromycin, Benzo[b]fluoranthene, Benzo[k]fluoranthene, Benzyldimethyldodecylammonium, Benzyldimethyltetradecylammonium, Carbazole, Ciprofloxacin, Damascone, Diuron, Fluoranthene, Hexa(methoxymethyl)melamine, Mepiquat chloride, Microcystin-RR, N,N-Diethyl-m-toluamide, Nonylphenol diethoxylate, Norfloxacin, Ofloxacin, Pirimicarb, Polychlorinated biphenyls, Terbutryn, Tris(2-butoxyethyl) phosphate"
20,ec7,55,58,"1-Hydroxyibuprofen, 1,2,3-Benzotriazole, 2,4-Dihydroxybenzophenone, 3-Chloroaniline, 4-Chloroaniline, 4-Methyl-1H-benzotriazole, 4-tert-Octylphenol diethoxylate, 4,4'-Dichlorobenzophenone, 5-Methyl-1H-benzotriazole (5-Tolytriazole), 5,6-Dimethyl-1H-benzotriazole, 7H-Benzo(de)anthracen-7-one (Benzanthrone), Acetaminophen (Paracetamol), Acetamiprid, Aclonifen, AHDI (Phantolide), Anthracene, Atrazine, Atrazine-desethyl, Azithromycin, Benzo[a]pyrene, Benzo[k]fluoranthene, Benzyldimethyldodecylammonium, Benzyldimethyltetradecylammonium, Bisphenol-A, Boisvelone / Iso-Esuper, Carbazole, Carbendazim, Chlorpyrifos, Ciprofloxacin, Clarithromycin, Di(2- ethylhexyl)phthalate (DEHP), Dicyclohexylamine, Diuron, Doxycycline, Drometrizole, Erythromycin, Fluoranthene, g-Methylionone, Hexa(methoxymethyl)melamine, Mepiquat chloride, Metalaxyl, Microcystin-RR, N-Ethyl-2-tolysulfonamide, N,N-Diethyl-m-toluamide, Nonylphenol diethoxylate, Norfloxacin, Ofloxacin, Omethoate, Oxybenzone, Piperonylbutoxide, Pirimicarb, Polychlorinated biphenyls, Prochloraz, Quinalphos, Sulfamethoxazole, Terbutryn, Triphenylphosphineoxide, Tris(2-butoxyethyl) phosphate"
21,t1-1,56,40,"1,2,3-Benzotriazole, 1,6-Dinitropyrene, 1,8-Dinitropyrene, 2,3,3',4,4',5,5',6-Octabromodiphenyl ether, 3-Chloroaniline, 4-Chloroaniline, 4-Methyl-1H-benzotriazole, 4,4'-Dichlorobenzophenone, 5-Methyl-1H-benzotriazole (5-Tolytriazole), 5,6-Dimethyl-1H-benzotriazole, 7H-Benzo(de)anthracen-7-one (Benzanthrone), Acetaminophen (Paracetamol), Aclonifen, ADBI (Celestolide), AHDI (Phantolide), Atrazine, Atrazine-desethyl, Azithromycin, Benzo[a]anthracene, Benzo[a]pyrene, Benzo[b]fluoranthene, Benzo[k]fluoranthene, Benzyldimethyldodecylammonium, Benzyldimethyltetradecylammonium, Ciprofloxacin, Dicyclohexylamine, Diuron, g-Methylionone, Hexa(methoxymethyl)melamine, Mepiquat chloride, Methyl paraben, Methylsalicylate, N,N-Diethyl-m-toluamide, Nonylphenol diethoxylate, Norfloxacin, Ofloxacin, Piperonylbutoxide, Polychlorinated biphenyls, Terbutryn, Tris(2-butoxyethyl) phosphate"
22,t2-2,57,37,"1,2,3-Benzotriazole, 4-Methyl-1H-benzotriazole, 4-tert-Octylphenol diethoxylate, 5-Methyl-1H-benzotriazole (5-Tolytriazole), 5,6-Dimethyl-1H-benzotriazole, 7H-Benzo(de)anthracen-7-one (Benzanthrone), Acetaminophen (Paracetamol), Acetamiprid, alpha-Terpineol, Azithromycin, Benzo[a]pyrene, Benzo[k]fluoranthene, Benzyldimethyldodecylammonium, Benzyldimethyltetradecylammonium, Carbendazim, Ciprofloxacin, Di(2- ethylhexyl)phthalate (DEHP), Dicyclohexylamine, Diuron, Ethylhexylmethoxycinnamate, Fluoranthene, g-Methylionone, Hexa(methoxymethyl)melamine, Indeno[1,2,3-cd]pyrene, Mepiquat chloride, N-Ethyl-2-tolysulfonamide, N,N-Diethyl-m-toluamide, Nonylphenol diethoxylate, Norfloxacin, Ofloxacin, Omethoate, Pirimicarb, Polychlorinated biphenyls, Sulfamethoxazole, Tebuconazole, Terbutryn, Tetracycline"
23,cc9,61,53,"1,2,3-Benzotriazole, 2-Mercapto-benzothiazole, 2,2',4,4',5,5'-Hexabromodiphenyl ether, 2,4-Dihydroxybenzophenone, 3-Chloroaniline, 4-Chloroaniline, 4-Methyl-1H-benzotriazole, 4-tert-Octylphenol diethoxylate, 4,4'-Dichlorobenzophenone, 5-Methyl-1H-benzotriazole (5-Tolytriazole), 5,6-Dimethyl-1H-benzotriazole, Acetaminophen (Paracetamol), Acetamiprid, Aclonifen, ADBI (Celestolide), AHDI (Phantolide), alpha-Terpineol, Azithromycin, Benzylamine, Benzyldimethyldodecylammonium, Benzyldimethyltetradecylammonium, Benzyltrimethylammonium, Boisvelone / Iso-Esuper, Carbendazim, Ciprofloxacin, Clarithromycin, Dicyclohexylamine, Diuron, Drometrizole, Epoxiconazole, Erythromycin, Ethylhexylmethoxycinnamate, Hexa(methoxymethyl)melamine, Imazamox, Mepiquat chloride, Methyldihydrojasmonate, Monocrotophos, N-Benzylmethylamine, N-Ethyl-2-tolysulfonamide, N,N-Diethyl-m-toluamide, Nonylphenol diethoxylate, Ofloxacin, Omethoate, Oxybenzone, Piperonylbutoxide, Polychlorinated biphenyls, Prochloraz, Propiconazole, Pyraclostrobin, Quinalphos, Terbutryn, Tonalide, Tris(2-butoxyethyl) phosphate"
24,ec4,62,43,"1,2,3-Benzotriazole, 2,3,3',4,4',5,5',6-Octabromodiphenyl ether, 2,4-Dihydroxybenzophenone, 3-Chloroaniline, 4-Chloroaniline, 4-Methyl-1H-benzotriazole, 4-tert-Octylphenol diethoxylate, 4,4'-Dichlorobenzophenone, 5-Methyl-1H-benzotriazole (5-Tolytriazole), 5,6-Dimethyl-1H-benzotriazole, Acetaminophen (Paracetamol), Acetamiprid, Azithromycin, Benzo[ghi]perylene, Benzo[k]fluoranthene, Benzyldimethyldodecylammonium, Benzyldimethyltetradecylammonium, Carbendazim, Chlorpyrifos, Clarithromycin, Dicyclohexylamine, Diuron, Drometrizole, Epoxiconazole, Ethylhexylmethoxycinnamate, g-Methylionone, Hexa(methoxymethyl)melamine, Mepiquat chloride, Metolachlor, Microcystin-RR, N,N-Diethyl-m-toluamide, Nonylphenol diethoxylate, Norfloxacin, Ofloxacin, Oxybenzone, Piperonylbutoxide, Polychlorinated biphenyls, Prochloraz, Propiconazole, Quinalphos, Sulfamethoxazole, Terbutryn, Tris(2-butoxyethyl) phosphate"
25,cc1,63,43,"1,2,3-Benzotriazole, 2-Mercapto-benzothiazole, 2,4-Dihydroxybenzophenone, 4-Methyl-1H-benzotriazole, 5-Methyl-1H-benzotriazole (5-Tolytriazole), 5,6-Dimethyl-1H-benzotriazole, Acetaminophen (Paracetamol), AHDI (Phantolide), alpha-Terpineol, Atrazine-desethyl, Azithromycin, Azoxystrobin, Benzo[a]pyrene, Benzo[k]fluoranthene, Benzyldimethyldodecylammonium, Benzyldimethyltetradecylammonium, Boisvelone / Iso-Esuper, Carbendazim, Ciprofloxacin, Clarithromycin, Di(2- ethylhexyl)phthalate (DEHP), Dicyclohexylamine, Diuron, Erythromycin, Fluoranthene, g-Methylionone, Hexa(methoxymethyl)melamine, Methyldihydrojasmonate, N,N-Diethyl-m-toluamide, Nonylphenol diethoxylate, Norfloxacin, Ofloxacin, Omethoate, Oxybenzone, Piperonylbutoxide, Pirimicarb, Polychlorinated biphenyls, Propiconazole, Sulfamethoxazole, Terbutryn, Tonalide, Trimethoprim, Tris(2-butoxyethyl) phosphate"
26,t3-2,65,34,"1,2,3-Benzotriazole, 3-Chloroaniline, 4-Aminomethyl-benzenesulfonamide, 4-Chloroaniline, 4-Methyl-1H-benzotriazole, 4-tert-Octylphenol diethoxylate, 5-Methyl-1H-benzotriazole (5-Tolytriazole), 5,6-Dimethyl-1H-benzotriazole, Anthracene, Azithromycin, Benzo[a]pyrene, Benzo[k]fluoranthene, Benzyldimethyldodecylammonium, Benzyldimethyltetradecylammonium, Carbendazim, Ciprofloxacin, Di(2- ethylhexyl)phthalate (DEHP), Dicyclohexylamine, Diuron, Ethylhexylmethoxycinnamate, g-Methylionone, Hexa(methoxymethyl)melamine, Mepiquat chloride, Methyldihydrojasmonate, Microcystin-RR, N,N-Diethyl-m-toluamide, Nonylphenol diethoxylate, Norfloxacin, Ofloxacin, Oxadiazon, Piperonylbutoxide, Pirimicarb, Polychlorinated biphenyls, Tris(2-butoxyethyl) phosphate"
27,t7-1,67,25,"4-Methyl-1H-benzotriazole, 5-Methyl-1H-benzotriazole (5-Tolytriazole), 5,6-Dimethyl-1H-benzotriazole, 7H-Benzo(de)anthracen-7-one (Benzanthrone), Acetaminophen (Paracetamol), ADBI (Celestolide), AHDI (Phantolide), Anthracene, Atrazine-desethyl, Benzo[ghi]perylene, Benzyldimethyldodecylammonium, Benzyldimethyltetradecylammonium, Cadusafos, Ciprofloxacin, Doxycycline, Drometrizole, g-Methylionone, N-Ethyl-2-tolysulfonamide, N,N-Diethyl-m-toluamide, Norfloxacin, Ofloxacin, Piperonylbutoxide, Pirimicarb, Polychlorinated biphenyls, Pyridaben"
28,t2-3,68,28,"1,2,3-Benzotriazole, 4-Methyl-1H-benzotriazole, 4-tert-Octylphenol diethoxylate, 5-Methyl-1H-benzotriazole (5-Tolytriazole), Acetaminophen (Paracetamol), Aclonifen, Atrazine, Azithromycin, Benzo[a]pyrene, Benzo[k]fluoranthene, Benzyldimethyldodecylammonium, Benzyldimethyltetradecylammonium, Boisvelone / Iso-Esuper, Ciprofloxacin, Clarithromycin, Cyprodinil, Di(2- ethylhexyl)phthalate (DEHP), g-Methylionone, Hexa(methoxymethyl)melamine, Imidacloprid, Microcystin-RR, N-Benzyldimethylamine, N-Benzylmethylamine, N,N-Diethyl-m-toluamide, Ofloxacin, Polychlorinated biphenyls, Spiroxamine, Tetracycline"
29,ec3,70,24,"1,2,3-Benzotriazole, 4-Methyl-1H-benzotriazole, 4-tert-Octylphenol diethoxylate, 5-Methyl-1H-benzotriazole (5-Tolytriazole), Azithromycin, Benzo[a]pyrene, Benzo[k]fluoranthene, Benzyldimethyldodecylammonium, Benzyldimethyltetradecylammonium, Carbendazim, Ciprofloxacin, Drometrizole, Epoxiconazole, g-Methylionone, Hexa(methoxymethyl)melamine, Microcystin-RR, N-Ethyl-2-tolysulfonamide, N,N-Diethyl-m-toluamide, Norfloxacin, Ofloxacin, Polychlorinated biphenyls, Prochloraz, Quinalphos, Triphenylphosphineoxide"
